customer_id,gender,city,signup_date,age,annual_income,spending_score,num_purchases,tenure_years
1682,Male,,2024-09-22,46.0,578401.07,79.0,5,1.79
1025,Female,Pune,2022-02-05,16.0,672283.1,70.0,9,4.42
1622,Male,Mumbai,2024-06-26,37.0,,89.0,9,2.03
1100,Male,Delhi,2022-05-25,39.0,496572.58,12.0,8,4.12
1285,Female,Delhi,2023-02-20,,,65.0,12,3.38
1692,Female,Bangalore,2024-06-10,16.0,796435.8,12.0,5,2.08
1745,Male,Bangalore,2024-12-23,40.0,450592.14,72.0,5,1.54
1309,Male,Delhi,2023-03-27,33.0,891605.06,23.0,5,3.29
1770,Female,Delhi,2025-01-28,44.0,284264.96,13.0,15,1.44
1436,Male,Mumbai,2023-09-28,41.0,683479.03,54.0,13,2.78
1927,Male,Bangalore,2025-09-15,19.0,,,12,0.81
1164,Female,Chennai,2022-08-27,34.0,772363.36,34.0,4,3.87
1233,Female,Delhi,2022-06-12,36.0,838728.97,22.0,8,4.07
1943,Female,Chennai,2025-10-08,20.0,367228.46,37.0,12,0.75
1919,Male,Delhi,2025-09-03,48.0,532263.14,44.0,9,0.85
1169,Male,Mumbai,2022-09-03,,659520.99,53.0,8,3.85
1958,Male,Bangalore,2025-10-30,19.0,601752.7,5.0,6,0.69
1660,Female,Bangalore,2024-08-21,42.0,242386.9,2.0,9,1.88
1366,Female,Mumbai,2023-06-18,28.0,375569.35,50.0,7,3.06
1257,,Delhi,2023-10-01,16.0,611953.57,93.0,12,2.77
1154,Female,Chennai,2022-08-12,32.0,573170.96,1.0,9,3.91
1917,Male,Pune,2025-08-31,43.0,362623.75,17.0,9,0.85
1686,Female,Pune,2024-09-28,24.0,716355.79,33.0,6,1.78
1726,Female,Mumbai,2024-11-25,21.0,567087.81,33.0,6,1.62
1990,Female,Chennai,2025-12-16,20.0,,46.0,12,0.56
1298,Male,Mumbai,2023-03-11,40.0,583214.55,10.0,5,3.33
1095,Male,Delhi,2022-05-18,33.0,649654.79,61.0,3,4.14
1879,Male,Delhi,2025-07-07,42.0,626437.29,64.0,6,1.0
1061,Female,Pune,2022-03-29,46.0,616864.77,67.0,8,4.28
1010,Male,Bangalore,2022-01-14,26.0,533172.71,58.0,5,4.48
1756,Male,Pune,2025-08-01,33.0,525093.55,14.0,9,0.94
1786,,Pune,2025-02-21,36.0,,65.0,11,1.38
1737,Female,Bangalore,2024-11-12,28.0,525411.9,44.0,11,1.65
1026,Male,Bangalore,2022-06-02,49.0,721645.78,99.0,10,4.1
1851,Male,Delhi,2025-05-27,28.0,871716.57,31.0,3,1.12
1358,Female,Bangalore,2023-06-06,37.0,557484.27,94.0,3,3.09
1675,Female,Chennai,2024-12-09,52.0,206814.2,18.0,6,1.58
1229,Female,,2022-11-30,18.0,491774.93,15.0,12,3.61
1501,Female,Bangalore,2024-01-01,27.0,409746.12,35.0,11,2.52
1499,,Delhi,2023-12-29,45.0,829235.65,11.0,13,2.53
1578,,Bangalore,2024-04-23,44.0,,30.0,8,2.21
1876,Male,Bangalore,2025-02-07,34.0,213341.99,95.0,9,1.42
1139,Female,Bangalore,2022-07-21,42.0,497518.96,29.0,9,3.97
1172,Male,,2022-09-07,42.0,836352.28,45.0,6,3.84
1794,Female,Chennai,2025-04-03,48.0,725996.17,47.0,4,1.26
1918,,Bangalore,2025-02-09,32.0,540318.75,68.0,6,1.41
1014,Male,Mumbai,2022-01-19,32.0,,,4,4.47
1424,Female,Mumbai,2023-09-11,30.0,609934.21,66.0,6,2.83
1683,Male,Bangalore,2024-09-23,20.0,,43.0,10,1.79
1217,Male,Mumbai,2022-11-12,36.0,748780.34,33.0,9,3.66
1735,Female,Mumbai,2024-08-12,44.0,816344.34,90.0,8,1.91
1109,Male,Chennai,2022-06-07,51.0,784002.29,36.0,6,4.09
1548,Female,Bangalore,2024-10-03,45.0,686013.14,84.0,10,1.76
1114,Female,Bangalore,2022-06-15,35.0,537602.6,95.0,7,4.07
1965,Male,Bangalore,2025-09-11,,328792.71,98.0,8,0.82
1438,Female,Chennai,2023-01-10,40.0,565169.88,72.0,12,3.49
1327,Female,Mumbai,2023-04-22,15.0,447941.81,77.0,7,3.21
1709,Male,Bangalore,2024-10-31,40.0,777754.62,96.0,6,1.69
1446,,Mumbai,2023-10-13,24.0,475024.72,37.0,10,2.74
1566,Female,Bangalore,2024-05-04,23.0,986388.07,12.0,6,2.18
1803,Female,Delhi,2025-03-18,50.0,741437.24,20.0,5,1.31
1346,Female,Bangalore,2023-05-20,54.0,675418.42,9.0,12,3.14
1448,Male,Pune,2023-10-16,,,74.0,6,2.73
1111,Male,Pune,2022-10-06,10.0,596816.43,75.0,6,3.76
1126,Female,Bangalore,2022-02-07,53.0,,65.0,13,4.42
1871,Female,Pune,2025-06-25,32.0,625418.55,32.0,10,1.04
1035,,Mumbai,2022-02-19,37.0,395482.93,12.0,8,4.38
1054,Female,Chennai,2022-03-19,24.0,523613.55,60.0,14,4.31
1766,Female,Delhi,2025-01-23,,705861.24,87.0,8,1.46
1949,Female,Delhi,2025-10-17,42.0,349308.48,56.0,8,0.73
1597,Female,Delhi,2024-05-21,,449927.79,44.0,6,2.13
1238,Male,Bangalore,2022-12-13,51.0,724304.37,56.0,10,3.57
1325,,,2023-04-19,28.0,574623.86,8.0,8,3.22
1840,Female,Delhi,2025-11-05,24.0,541139.0,82.0,5,0.67
1385,Male,Chennai,2023-07-16,38.0,445923.41,74.0,6,2.98
1319,Male,Mumbai,2023-04-10,22.0,188406.65,61.0,7,3.25
1653,Female,Delhi,2024-10-08,24.0,255764.83,20.0,7,1.75
1880,Male,Bangalore,2025-07-08,23.0,577056.58,79.0,7,1.0
1300,Male,Chennai,2023-03-13,56.0,633968.94,84.0,5,3.32
1740,Female,Bangalore,2024-12-16,47.0,,93.0,9,1.56
1432,Male,Bangalore,2023-09-22,45.0,752064.38,77.0,6,2.8
1418,Male,Mumbai,2023-09-02,,579041.62,42.0,7,2.85
1650,Female,Chennai,2024-06-08,33.0,390957.13,99.0,6,2.08
1668,Male,Pune,2024-01-09,32.0,246597.93,27.0,5,2.5
1944,Female,Chennai,2025-10-10,45.0,966324.46,51.0,10,0.74
1725,Female,Chennai,2024-11-24,43.0,664175.3,16.0,3,1.62
1713,Female,Chennai,2024-06-11,43.0,518751.51,81.0,5,2.08
2000,Female,Delhi,2025-12-31,12.0,1021423.7,28.0,11,0.52
1732,Female,Bangalore,2024-04-12,23.0,425645.86,89.0,7,2.24
1718,,Chennai,2024-11-13,34.0,673954.69,5.0,11,1.65
1205,Female,Bangalore,2022-10-26,33.0,505951.28,74.0,6,3.7
1572,Male,Mumbai,2024-04-14,32.0,217957.61,49.0,10,2.23
1925,Female,Chennai,2025-09-12,32.0,,95.0,6,0.82
1243,,Chennai,2022-12-20,,489132.41,34.0,10,3.55
1983,Male,Bangalore,2025-06-12,30.0,949715.18,90.0,7,1.07
1171,Female,Bangalore,2022-06-09,44.0,511381.03,40.0,9,4.08
1579,Female,Bangalore,2024-04-24,40.0,448098.67,59.0,9,2.21
1971,Female,Mumbai,2025-11-18,39.0,720023.79,41.0,16,0.64
1966,Female,Bangalore,2025-11-11,,682918.87,,8,0.66
1939,Male,Bangalore,2025-02-10,35.0,785296.38,61.0,7,1.41
1206,Male,Chennai,2022-10-27,46.0,514187.22,24.0,7,3.7
1510,Male,Chennai,2024-01-14,33.0,565035.93,40.0,9,2.48
1165,Male,Mumbai,2022-08-28,39.0,350120.96,49.0,6,3.86
1263,Male,Delhi,2023-01-18,32.0,750536.46,8.0,12,3.47
1027,Male,Pune,2022-07-02,26.0,,65.0,4,4.02
1058,Male,Bangalore,2022-03-25,32.0,965452.3,,9,4.29
1047,Male,Delhi,2022-09-03,35.0,372452.4,58.0,4,3.85
1278,Female,,2023-09-02,35.0,901109.04,82.0,8,2.85
1987,Female,Chennai,2025-12-12,20.0,567781.92,93.0,8,0.57
1906,Female,Delhi,2025-08-15,38.0,663918.53,51.0,9,0.9
1099,Male,Chennai,2022-05-24,42.0,315769.37,68.0,5,4.13
1593,Male,Mumbai,2024-05-15,32.0,147741.79,46.0,8,2.15
1721,,Mumbai,2024-11-18,27.0,419460.07,23.0,7,1.64
1651,Male,Mumbai,2024-07-08,44.0,520720.9,76.0,6,2.0
1730,Male,Bangalore,2024-12-01,27.0,864212.35,90.0,9,1.6
1147,Female,Chennai,2022-02-08,41.0,555871.45,42.0,11,4.41
1792,Female,Chennai,2025-02-03,29.0,704075.95,93.0,8,1.43
1044,,Bangalore,2022-04-03,23.0,788509.05,13.0,9,4.27
1696,Female,Mumbai,2024-12-10,19.0,535213.5,63.0,5,1.58
1664,Male,Bangalore,2024-08-26,38.0,920818.25,16.0,8,1.87
1064,Female,Bangalore,2022-04-03,73.0,265550.05,75.0,5,4.27
1952,Female,Delhi,2025-10-21,28.0,807303.12,10.0,12,0.71
1631,Male,Chennai,2024-07-09,33.0,762884.98,54.0,6,2.0
1337,Female,Mumbai,2023-05-07,29.0,,48.0,7,3.17
1039,Female,Mumbai,2022-02-25,22.0,587816.43,11.0,4,4.37
1468,Female,Bangalore,2023-11-14,20.0,472915.38,20.0,9,2.65
1558,Male,Bangalore,2024-03-25,42.0,1056099.86,47.0,12,2.29
1361,Female,Pune,2023-06-11,43.0,587779.62,16.0,13,3.08
1565,Female,Pune,2024-04-04,32.0,630057.73,3.0,10,2.26
1223,Male,Bangalore,2022-11-21,26.0,484823.66,10.0,8,3.63
1930,Male,Mumbai,2025-09-19,56.0,324239.34,70.0,9,0.8
1564,Male,Delhi,2024-02-04,29.0,295774.01,8.0,6,2.43
1869,Female,Mumbai,2025-06-22,48.0,563621.62,85.0,8,1.05
1356,Female,Pune,2023-03-06,21.0,465161.89,70.0,7,3.34
1789,Female,Mumbai,2025-02-25,43.0,,44.0,9,1.37
1306,,Pune,2023-03-22,,,15.0,10,3.3
1141,,Pune,2022-07-24,45.0,889172.93,3.0,10,3.96
1458,Female,Chennai,2023-10-30,46.0,1023349.36,45.0,9,2.69
1972,,Pune,2025-11-20,31.0,520957.0,27.0,12,0.63
1554,Female,Pune,2024-03-19,55.0,271489.33,30.0,8,2.31
1841,Male,Delhi,2025-05-12,17.0,658654.99,71.0,3,1.16
1811,,Chennai,2025-03-29,17.0,615780.57,28.0,10,1.28
1839,Female,Pune,2025-09-05,13.0,699430.97,62.0,10,0.84
1062,Male,,2022-03-31,34.0,930247.32,56.0,4,4.27
1895,Female,Bangalore,2025-07-30,39.0,925787.65,53.0,6,0.94
1914,Female,Delhi,2025-08-27,46.0,467418.67,28.0,9,0.87
1512,Female,Chennai,2024-01-17,34.0,587762.31,94.0,7,2.48
1922,Female,Mumbai,2025-09-08,18.0,627334.37,68.0,8,0.83
1592,Female,,2024-05-13,38.0,552457.79,15.0,4,2.15
1802,Male,Chennai,2025-03-16,19.0,,54.0,15,1.31
1603,Male,Delhi,2024-05-29,20.0,,52.0,9,2.11
1814,,Mumbai,2025-04-03,53.0,436414.4,67.0,16,1.26
1254,Male,Mumbai,2023-05-01,16.0,932960.37,98.0,4,3.19
1331,Female,Bangalore,2023-04-28,20.0,710157.55,70.0,8,3.2
1369,Male,Mumbai,2023-06-22,11.0,643483.32,53.0,8,3.05
1110,Male,Mumbai,2022-09-06,34.0,539727.38,69.0,4,3.84
1790,,Bangalore,2025-02-27,40.0,879718.2,10.0,11,1.36
1320,Male,Mumbai,2023-12-04,32.0,671243.34,64.0,7,2.6
1758,Female,Bangalore,2025-11-01,46.0,621760.74,93.0,12,0.68
1626,Female,Chennai,2024-02-07,37.0,841019.13,61.0,6,2.42
1149,Male,Pune,2022-05-08,39.0,499299.17,32.0,15,4.17
1687,Female,Pune,2024-09-29,30.0,517974.75,24.0,10,1.77
1610,Female,Bangalore,2024-06-09,38.0,482727.86,20.0,15,2.08
1260,Male,Bangalore,2023-01-14,37.0,769586.43,36.0,9,3.48
1535,Male,Bangalore,2024-02-20,29.0,270627.23,83.0,5,2.38
1733,Female,Bangalore,2024-12-05,29.0,491698.2,16.0,10,1.59
1500,,Pune,2023-12-31,25.0,580402.71,20.0,5,2.52
1129,Male,Delhi,2022-07-07,40.0,913973.29,35.0,5,4.01
1661,Female,Bangalore,2024-08-22,46.0,786386.91,23.0,9,1.88
1587,Male,Chennai,2024-06-05,20.0,811403.26,97.0,8,2.09
1904,Female,Mumbai,2025-08-12,53.0,771737.7,43.0,7,0.91
1187,Female,Chennai,2022-09-29,46.0,378009.43,16.0,7,3.78
1488,Male,Chennai,2023-12-13,14.0,497010.29,86.0,7,2.57
1571,Female,Bangalore,2024-04-13,35.0,,59.0,7,2.24
1467,Male,,2023-11-13,43.0,623919.74,18.0,7,2.65
1486,,Delhi,2023-10-12,29.0,820988.38,3.0,5,2.74
1595,Female,Chennai,2024-05-18,16.0,,46.0,7,2.14
1750,Female,Mumbai,2024-12-30,23.0,532980.1,99.0,6,1.52
1586,Male,Mumbai,2024-05-04,54.0,694287.97,94.0,11,2.18
1472,,Chennai,2023-11-20,19.0,463823.42,54.0,9,2.63
1481,Female,Pune,2023-12-03,41.0,651244.37,19.0,5,2.6
1135,,Chennai,2022-07-15,29.0,786548.72,54.0,9,3.98
1611,Male,Pune,2024-10-06,41.0,335814.94,33.0,14,1.75
1819,Male,Bangalore,2025-10-04,33.0,507833.53,56.0,10,0.76
1601,Male,Mumbai,2024-05-26,35.0,990170.36,62.0,7,2.12
1160,Male,Mumbai,2022-08-21,34.0,304786.58,52.0,8,3.88
1409,,Bangalore,2023-08-20,34.0,417143.74,75.0,10,2.89
1368,,Pune,2023-06-21,29.0,436792.42,15.0,11,3.05
1410,Male,Pune,2023-08-21,38.0,,71.0,5,2.88
1049,Female,Pune,2022-03-12,33.0,642965.3,24.0,7,4.33
1075,Male,,2022-04-19,30.0,576011.75,82.0,4,4.22
1245,Male,Chennai,2022-12-23,31.0,451603.31,9.0,6,3.54
1948,,Mumbai,2025-10-16,,,83.0,11,0.73
1352,Female,Bangalore,2023-05-28,39.0,478019.85,43.0,10,3.12
1514,Female,Mumbai,2024-01-20,28.0,795135.67,48.0,8,2.47
1286,Male,Bangalore,2023-02-21,36.0,671860.52,15.0,7,3.38
1676,,Delhi,2024-09-13,28.0,583427.87,63.0,9,1.82
1700,Female,Bangalore,2024-10-18,53.0,238328.71,21.0,6,1.72
1621,Male,Bangalore,2024-06-25,31.0,629016.13,61.0,8,2.04
1504,Female,Delhi,2024-06-01,25.0,455789.99,75.0,1,2.1
1543,Male,Bangalore,2024-03-03,47.0,259026.28,77.0,12,2.35
1055,Female,,2022-03-20,36.0,702045.53,2.0,3,4.3
1396,,Pune,2023-01-08,35.0,741956.86,78.0,8,3.5
1098,Female,Mumbai,2022-05-22,66.0,487461.6,88.0,6,4.13
1850,Female,Bangalore,2025-05-25,37.0,544702.05,9.0,9,1.12
1404,Female,Chennai,2023-12-08,51.0,761823.21,93.0,5,2.58
1450,Male,Chennai,2023-10-19,33.0,,4.0,11,2.72
1295,Male,Pune,2023-03-06,50.0,682106.4,33.0,3,3.34
1128,Female,Bangalore,2022-05-07,30.0,644070.37,51.0,11,4.17
1853,Male,Pune,2025-05-30,,371288.11,9.0,8,1.11
1612,Male,Chennai,2024-11-06,49.0,175263.4,72.0,8,1.67
1419,Female,Bangalore,2023-03-09,42.0,541992.51,41.0,8,3.33
1997,,,2025-12-26,47.0,440074.04,73.0,7,0.53
1378,Male,Bangalore,2023-05-07,59.0,577383.93,43.0,10,3.17
1524,Female,Mumbai,2024-04-02,31.0,1127538.98,76.0,9,2.27
1081,Female,Chennai,2022-04-27,,891116.16,26.0,6,4.2
1159,Male,Pune,2022-08-19,48.0,839437.3,71.0,3,3.89
1483,Female,Bangalore,2023-06-12,48.0,867605.08,92.0,6,3.07
1427,Female,Mumbai,2023-09-15,26.0,615900.95,73.0,4,2.81
1860,Male,Chennai,2025-09-06,,893414.33,64.0,11,0.84
1685,,Mumbai,2024-09-26,35.0,729886.09,68.0,9,1.78
1887,Female,Mumbai,2025-07-18,30.0,408204.75,98.0,5,0.97
1672,Female,Pune,2024-07-09,33.0,791064.76,81.0,7,2.0
1516,Male,Mumbai,2024-01-23,33.0,796463.9,85.0,12,2.46
1809,Female,Mumbai,2025-03-26,23.0,639897.06,10.0,7,1.29
1633,Female,Chennai,2024-12-07,,523554.55,36.0,9,1.59
1697,Male,Mumbai,2024-10-14,33.0,575004.05,84.0,13,1.73
1351,Female,Pune,2023-05-27,49.0,456987.36,,7,3.12
1317,Female,Bangalore,2023-07-04,22.0,550127.18,96.0,6,3.01
1180,Male,Bangalore,2022-09-19,31.0,880988.47,,6,3.8
1891,Male,Mumbai,2025-07-24,19.0,655659.8,92.0,5,0.96
1643,Male,Bangalore,2024-07-27,37.0,372564.24,75.0,9,1.95
1596,Female,Bangalore,2024-05-19,25.0,709254.72,56.0,8,2.14
1123,Male,Pune,2022-06-28,54.0,697000.26,66.0,6,4.03
1909,Male,Delhi,2025-08-20,36.0,543048.27,91.0,11,0.88
1473,Male,Pune,2023-11-21,,627227.55,31.0,8,2.63
1757,Female,,2025-01-09,41.0,535603.13,63.0,8,1.49
1885,Male,Mumbai,2025-07-15,33.0,646574.26,73.0,8,0.98
1529,Male,Pune,2024-02-11,35.0,735436.34,77.0,6,2.41
1455,Male,Mumbai,2023-10-26,35.0,482369.13,14.0,10,2.7
1898,Female,Mumbai,2025-08-03,27.0,686859.22,70.0,13,0.93
1913,Female,,2025-08-25,45.0,549179.31,45.0,3,0.87
1420,Male,Pune,2023-05-09,,527673.5,23.0,7,3.17
1173,Female,Bangalore,2022-09-09,24.0,544376.15,68.0,5,3.83
1897,Male,Bangalore,2025-02-08,26.0,551143.81,59.0,9,1.41
1335,Male,,2023-04-05,25.0,836645.43,75.0,11,3.26
1398,Female,Delhi,2023-04-08,34.0,397955.52,90.0,10,3.25
1272,Female,Pune,2023-01-02,27.0,772848.72,86.0,8,3.52
1221,Female,,2022-11-18,28.0,659478.97,28.0,12,3.64
1988,Female,Bangalore,2025-12-13,36.0,325125.72,73.0,5,0.57
1464,Female,Chennai,2023-08-11,33.0,580321.4,41.0,4,2.91
1016,Male,Pune,2022-01-22,41.0,1058953.72,22.0,13,4.46
1570,Male,Bangalore,2024-11-04,44.0,373819.94,80.0,11,1.68
1390,Female,Bangalore,2023-07-23,30.0,606924.95,31.0,5,2.96
1826,,Bangalore,2025-04-20,19.0,423406.92,61.0,7,1.22
1322,Male,Mumbai,2023-04-15,44.0,618036.53,81.0,9,3.23
1801,Male,,2025-03-15,43.0,973444.84,74.0,6,1.32
1858,Female,Bangalore,2025-06-06,21.0,683035.32,97.0,7,1.09
1526,Female,Delhi,2024-02-07,49.0,548911.96,77.0,11,2.42
1508,Female,Bangalore,2024-01-11,37.0,502465.21,27.0,7,2.49
1148,Female,Chennai,2022-08-03,37.0,,94.0,10,3.93
1397,Female,Bangalore,2023-08-02,49.0,644161.7,68.0,11,2.93
1657,Male,Bangalore,2024-08-16,31.0,787413.38,41.0,4,1.89
1998,Male,Mumbai,2025-12-28,60.0,550457.23,59.0,8,0.53
1052,Male,Bangalore,2022-03-16,25.0,949174.27,55.0,9,4.31
1831,Male,,2025-04-28,39.0,645829.37,51.0,9,1.2
1329,Female,Chennai,2023-04-25,47.0,688704.75,50.0,8,3.21
1023,Male,Pune,2022-02-02,41.0,404335.56,88.0,5,4.43
1271,Female,Chennai,2023-01-30,32.0,227910.4,80.0,10,3.44
1636,Female,Delhi,2024-07-17,32.0,464053.35,67.0,10,1.98
1743,Male,Chennai,2024-12-20,25.0,322080.17,15.0,12,1.55
1210,Male,,2022-02-11,44.0,469438.3,77.0,8,4.41
1290,Female,Mumbai,2023-02-27,12.0,967620.14,20.0,8,3.36
1143,Female,Chennai,2022-07-27,37.0,758075.71,59.0,6,3.95
1051,,Pune,2022-03-15,27.0,289314.44,31.0,8,4.32
1167,Male,Pune,2022-08-31,44.0,319618.39,73.0,9,3.85
1628,Male,Bangalore,2024-07-05,35.0,531765.08,65.0,6,2.01
1978,Male,Bangalore,2025-11-28,21.0,862962.93,91.0,6,0.61
1082,Female,Mumbai,2022-04-29,47.0,761492.37,71.0,4,4.19
1340,Male,Mumbai,2023-05-11,35.0,553539.1,37.0,12,3.16
1695,Male,Delhi,2024-11-10,24.0,619335.22,94.0,9,1.66
1912,Male,Pune,2025-08-24,20.0,833065.48,,8,0.87
1067,Male,Delhi,2022-04-07,30.0,554332.33,10.0,9,4.25
1532,,Bangalore,2024-02-16,,712213.42,58.0,10,2.39
1663,Female,Pune,2024-08-25,29.0,816784.19,85.0,9,1.87
1509,,Bangalore,2024-01-13,45.0,691956.12,44.0,14,2.49
1541,,Chennai,2024-02-29,42.0,558954.32,10.0,6,2.36
1284,Male,Mumbai,2023-02-18,39.0,571142.41,21.0,5,3.39
1882,Female,Pune,2025-11-07,33.0,770295.45,19.0,7,0.67
1519,,Delhi,2024-01-28,47.0,338244.34,68.0,10,2.44
1065,Male,Bangalore,2022-04-04,39.0,599449.95,15.0,12,4.26
1654,Male,Delhi,2024-12-08,,416771.7,37.0,5,1.58
1265,Female,Mumbai,2023-01-21,,636302.67,36.0,3,3.46
1774,Female,,2025-03-02,,195269.2,88.0,7,1.35
1583,Female,Bangalore,2024-04-30,31.0,19107.12,92.0,11,2.19
1515,Male,Mumbai,2024-01-22,,405569.52,91.0,9,2.46
1021,Female,Chennai,2022-01-30,39.0,694610.19,72.0,4,4.44
1859,Female,Pune,2025-06-07,45.0,806778.16,21.0,7,1.09
1776,Male,Delhi,2025-06-02,30.0,536166.02,59.0,6,1.1
1703,Male,Delhi,2024-10-22,20.0,499922.78,64.0,10,1.71
1297,Male,Mumbai,2023-09-03,47.0,717730.54,61.0,7,2.85
1617,Male,,2024-06-19,32.0,751984.55,57.0,6,2.05
1969,Female,Delhi,2025-11-15,37.0,538588.34,6.0,11,0.65
1262,,Chennai,2023-01-17,46.0,570688.29,79.0,5,3.47
1659,Female,Delhi,2024-08-19,20.0,506860.95,26.0,4,1.89
1505,Female,Delhi,2024-01-07,29.0,569437.78,52.0,14,2.5
1982,Male,Pune,2025-12-04,24.0,481305.46,11.0,7,0.59
1813,Male,Delhi,2025-01-04,27.0,704097.57,37.0,6,1.51
1474,Female,Bangalore,2023-11-23,37.0,75865.81,58.0,10,2.63
1834,Male,Chennai,2025-02-05,26.0,391277.12,94.0,6,1.42
1189,Female,Delhi,2022-02-10,34.0,628561.88,37.0,8,4.41
1252,Female,Bangalore,2023-02-01,17.0,413867.16,37.0,9,3.43
1072,Male,Delhi,2022-04-14,27.0,,71.0,7,4.24
1734,Female,Bangalore,2024-07-12,41.0,585670.62,79.0,2,1.99
1376,Male,Pune,2023-07-03,32.0,1029696.57,38.0,10,3.02
1345,Female,Chennai,2023-05-18,32.0,1078153.23,3.0,9,3.14
1784,Male,Bangalore,2025-02-18,42.0,481335.02,52.0,9,1.39
1362,Female,Delhi,2023-12-06,41.0,489588.4,76.0,6,2.59
1946,Male,Bangalore,2025-10-13,32.0,466039.33,8.0,6,0.74
1942,Female,Delhi,2025-07-10,,304597.03,41.0,8,1.0
1373,Male,Pune,2023-06-28,60.0,387155.7,46.0,5,3.03
1412,,Mumbai,2023-08-24,43.0,923964.92,56.0,7,2.87
1563,Male,Chennai,2024-01-04,44.0,648842.18,43.0,7,2.51
1738,Female,Mumbai,2024-12-13,52.0,969670.13,80.0,12,1.57
1466,Female,Mumbai,2023-11-11,11.0,263684.58,29.0,10,2.66
1453,Female,Pune,2023-10-23,12.0,464751.76,47.0,6,2.71
1684,Female,Pune,2024-09-25,44.0,663581.68,44.0,5,1.79
1400,Male,Chennai,2023-08-07,50.0,885318.6,19.0,11,2.92
1363,Female,Bangalore,2023-06-14,13.0,936915.95,1.0,4,3.07
1599,Male,Mumbai,2024-05-23,33.0,222493.62,29.0,8,2.13
1456,Female,Pune,2023-10-27,25.0,883647.76,38.0,7,2.7
1219,Female,Chennai,2022-11-15,36.0,571376.85,83.0,8,3.65
1240,Male,Mumbai,2022-12-16,36.0,818739.53,25.0,8,3.56
1527,Female,Delhi,2024-08-02,33.0,538766.83,48.0,6,1.93
1531,Female,Delhi,2024-02-14,18.0,602175.75,92.0,14,2.4
1193,,Delhi,2022-10-08,24.0,492765.57,64.0,15,3.75
1490,Female,Bangalore,2023-12-16,30.0,593095.64,17.0,11,2.56
1192,Female,Bangalore,2022-07-10,49.0,323307.5,81.0,11,4.0
1348,Male,Delhi,2023-05-23,31.0,280872.65,87.0,5,3.13
1673,Male,Pune,2024-09-09,27.0,664851.76,38.0,10,1.83
1452,Female,Bangalore,2023-10-22,31.0,562622.83,10.0,3,2.71
1133,Male,Mumbai,2022-07-12,21.0,429559.67,81.0,12,3.99
1714,Female,Bangalore,2024-08-11,49.0,476633.82,25.0,13,1.91
1253,Female,Mumbai,2023-01-04,13.0,576697.92,31.0,3,3.51
1678,Female,Bangalore,2024-09-16,47.0,331179.44,9.0,8,1.81
1771,Male,Bangalore,2025-01-30,40.0,557499.73,66.0,8,1.44
1264,Female,Bangalore,2023-01-20,24.0,362506.92,26.0,11,3.47
1071,Male,Delhi,2022-04-13,46.0,695763.75,50.0,6,4.24
1273,Female,Chennai,2023-02-02,37.0,485725.15,76.0,8,3.43
1977,Female,Delhi,2025-11-27,60.0,307060.63,71.0,9,0.61
1328,Female,Chennai,2023-04-23,25.0,986491.9,59.0,6,3.21
1116,Female,Bangalore,2022-06-18,29.0,388299.26,77.0,7,4.06
1324,Male,Delhi,2023-04-18,52.0,701375.49,10.0,6,3.23
1670,Male,Pune,2024-09-04,27.0,239222.17,64.0,7,1.84
1492,Female,Delhi,2023-12-19,37.0,863927.13,9.0,7,2.55
1421,Male,Delhi,2023-09-06,43.0,518523.73,47.0,8,2.84
1627,Female,Delhi,2024-03-07,,,15.0,12,2.34
1781,Female,Mumbai,2025-02-13,17.0,624809.02,27.0,3,1.4
1447,,Chennai,2023-10-14,33.0,403918.52,65.0,10,2.74
1460,Male,Chennai,2023-11-02,26.0,749989.99,80.0,11,2.68
1878,Female,Bangalore,2025-05-07,31.0,445312.5,98.0,5,1.17
1454,,Bangalore,2023-10-25,38.0,381127.04,75.0,9,2.7
1279,Male,Mumbai,2023-11-02,43.0,832916.69,10.0,13,2.68
1793,Female,Bangalore,2025-03-03,,388520.43,82.0,3,1.35
1901,Male,Bangalore,2025-08-08,34.0,644447.13,58.0,7,0.92
1003,Male,Pune,2022-03-01,32.0,,74.0,13,4.36
1230,Female,Bangalore,2022-01-12,34.0,813374.02,99.0,9,4.49
1995,Female,Chennai,2025-12-23,,385007.07,93.0,4,0.54
1937,Male,Delhi,2025-09-29,35.0,874956.82,54.0,7,0.77
1970,Female,Mumbai,2025-11-17,71.0,840151.79,38.0,7,0.64
1865,Female,,2025-06-16,42.0,818096.94,35.0,9,1.06
1200,Male,Mumbai,2022-10-18,43.0,438572.0,66.0,5,3.72
1372,Male,Mumbai,2023-06-27,,803218.7,74.0,5,3.03
1867,Male,Mumbai,2025-06-19,40.0,381820.68,96.0,8,1.05
1710,Female,Chennai,2024-02-11,40.0,672239.95,49.0,7,2.41
1066,Female,Chennai,2022-05-04,26.0,604212.04,92.0,6,4.18
1506,Male,Delhi,2024-09-01,45.0,901649.48,8.0,3,1.85
1041,Male,Bangalore,2022-02-28,40.0,326346.21,52.0,12,4.36
1749,,Chennai,2024-12-29,48.0,161785.19,74.0,7,1.52
1485,Female,Delhi,2023-09-12,40.0,573852.59,95.0,5,2.82
1818,Female,Chennai,2025-09-04,50.0,597655.3,52.0,9,0.84
1779,Male,Delhi,2025-11-02,31.0,501652.43,10.0,8,0.68
1956,Female,Pune,2025-10-27,50.0,1054788.21,83.0,6,0.7
1568,Female,Mumbai,2024-04-08,33.0,478003.08,16.0,8,2.25
1274,,Mumbai,2023-02-03,40.0,639312.71,80.0,7,3.43
1701,Female,,2024-10-20,18.0,680687.37,25.0,6,1.72
1822,Male,Mumbai,2025-04-14,41.0,924434.98,9.0,7,1.23
1494,Male,Mumbai,2023-12-22,48.0,663759.34,94.0,6,2.55
1976,Male,Pune,2025-11-25,42.0,588160.29,17.0,11,0.62
1178,Female,Mumbai,2022-09-16,57.0,934780.32,43.0,7,3.81
1301,Male,Mumbai,2023-03-15,21.0,,65.0,7,3.32
1038,Male,Chennai,2022-02-24,36.0,547165.8,71.0,9,4.37
1493,Male,Delhi,2023-12-21,25.0,550038.02,62.0,6,2.55
1203,Male,Mumbai,2022-10-23,41.0,,60.0,15,3.71
1237,Male,Pune,2022-11-12,39.0,756956.32,71.0,8,3.66
1150,Male,Pune,2022-06-08,41.0,581075.24,32.0,9,4.08
1218,Male,Chennai,2022-11-14,42.0,433458.96,58.0,8,3.65
1680,Female,Chennai,2024-09-19,44.0,430974.28,40.0,11,1.8
1408,Male,Pune,2023-08-18,38.0,825474.8,25.0,4,2.89
1552,Female,Bangalore,2024-03-16,49.0,604952.71,17.0,9,2.31
1614,Male,Delhi,2024-06-14,23.0,609174.29,46.0,8,2.07
1787,Female,Bangalore,2025-02-22,35.0,818934.33,17.0,7,1.37
1303,Female,Mumbai,2023-03-18,,,1.0,4,3.31
1864,Female,Bangalore,2025-06-15,38.0,,96.0,3,1.07
1929,Female,Bangalore,2025-09-18,28.0,872816.39,49.0,6,0.8
1674,Female,Pune,2024-10-09,51.0,1055648.61,65.0,8,1.75
1936,Male,Pune,2025-09-28,34.0,578319.04,18.0,8,0.78
1389,Male,,2023-07-22,39.0,411907.94,73.0,5,2.97
1423,Male,Mumbai,2023-09-09,35.0,527259.38,89.0,5,2.83
1388,Male,Mumbai,2023-07-20,36.0,828951.92,30.0,5,2.97
1778,Male,Bangalore,2025-02-09,45.0,667004.26,15.0,5,1.41
1391,,Delhi,2023-07-24,38.0,874008.73,42.0,8,2.96
1857,Male,Chennai,2025-05-06,45.0,994562.15,35.0,8,1.17
1353,Female,Bangalore,2023-05-30,,915077.89,74.0,6,3.11
1194,Female,Bangalore,2022-10-10,38.0,547192.45,90.0,6,3.75
1236,Male,Delhi,2022-10-12,26.0,714281.68,87.0,8,3.74
1443,Female,Chennai,2023-08-10,39.0,729872.94,54.0,5,2.91
1921,Female,Chennai,2025-06-09,26.0,745105.67,93.0,8,1.08
1056,,Delhi,2022-03-22,54.0,503041.86,15.0,4,4.3
1768,Female,Bangalore,2025-01-25,22.0,297408.65,32.0,4,1.45
1097,Female,Delhi,2022-05-21,49.0,657682.23,21.0,8,4.13
1142,Male,Delhi,2022-07-26,19.0,,10.0,11,3.95
1702,Male,Bangalore,2024-10-21,35.0,445657.76,11.0,8,1.71
1868,Male,Mumbai,2025-06-21,19.0,758860.23,6.0,8,1.05
1645,Male,Mumbai,2024-07-30,40.0,906586.67,71.0,7,1.94
1573,Female,Chennai,2024-04-15,35.0,583036.07,63.0,7,2.23
1121,Female,Pune,2022-06-25,30.0,421756.61,54.0,10,4.04
1602,Male,Delhi,2024-05-28,38.0,654221.41,89.0,5,2.11
1569,,Bangalore,2024-10-04,64.0,520736.73,78.0,9,1.76
1063,Female,Chennai,2022-01-04,33.0,779317.73,63.0,8,4.51
1890,Male,,2025-07-23,52.0,314775.53,82.0,8,0.96
1652,Female,Delhi,2024-08-09,19.0,566206.96,30.0,11,1.91
1415,Female,Bangalore,2023-08-29,33.0,581403.44,19.0,6,2.86
1004,Female,Chennai,2022-01-05,39.0,526517.88,70.0,6,4.51
1059,Male,Bangalore,2022-03-26,31.0,268926.22,31.0,13,4.29
1224,Female,Pune,2022-11-22,19.0,20021.24,65.0,6,3.63
1620,Male,Chennai,2024-06-23,34.0,478012.74,55.0,6,2.04
1102,Female,,2022-05-28,31.0,805976.51,,9,4.11
1724,Male,Mumbai,2024-11-22,22.0,844413.05,50.0,7,1.63
1222,Female,Mumbai,2022-11-19,37.0,579655.99,35.0,8,3.64
1830,Female,Delhi,2025-04-26,24.0,228117.33,24.0,7,1.2
1005,Male,Pune,2022-06-01,46.0,559254.57,88.0,4,4.1
1053,,Pune,2022-03-17,29.0,879856.67,10.0,10,4.31
1018,Female,Bangalore,2022-01-25,29.0,675565.84,25.0,12,4.45
1748,Female,Delhi,2024-12-27,17.0,646020.23,27.0,7,1.53
1916,Female,Chennai,2025-08-30,35.0,,29.0,6,0.86
1307,Female,Chennai,2023-03-24,38.0,369965.59,28.0,10,3.29
1667,Male,Delhi,2024-08-31,60.0,559905.08,28.0,9,1.85
1156,Male,Chennai,2022-08-15,58.0,490128.03,2.0,9,3.9
1964,Female,Delhi,2025-11-08,39.0,485463.67,88.0,4,0.67
1681,Female,Delhi,2024-09-20,11.0,380070.54,55.0,6,1.8
1644,Male,Bangalore,2024-07-28,27.0,421434.08,5.0,8,1.95
1249,,Pune,2022-12-29,,659416.69,51.0,7,3.53
1250,Female,Bangalore,2022-12-30,34.0,924245.38,60.0,8,3.52
1359,,Delhi,2023-08-06,56.0,495827.27,66.0,7,2.92
1479,,Chennai,2023-11-30,45.0,613318.51,25.0,21,2.61
1431,Male,Bangalore,2023-09-21,27.0,558775.1,41.0,8,2.8
1442,,Mumbai,2023-10-07,43.0,754050.09,96.0,18,2.75
1821,Female,Delhi,2025-04-13,37.0,600776.12,68.0,6,1.24
1854,Female,Pune,2025-05-31,51.0,708329.14,13.0,4,1.11
1031,Female,Mumbai,2022-02-13,23.0,322914.35,58.0,18,4.4
1282,Male,Chennai,2023-02-15,38.0,526122.65,1.0,6,3.39
1877,Male,Bangalore,2025-07-04,48.0,813828.85,85.0,10,1.01
1975,Male,Delhi,2025-11-24,40.0,310613.59,57.0,10,0.62
1118,Male,Pune,2022-06-20,42.0,501501.92,24.0,10,4.05
1881,Male,Chennai,2025-10-07,35.0,422724.97,78.0,6,0.75
1117,Female,Mumbai,2022-06-19,,415883.42,80.0,12,4.05
1759,Female,Mumbai,2025-12-01,31.0,800273.29,65.0,11,0.6
1669,Male,Mumbai,2024-03-09,31.0,772144.94,51.0,9,2.33
1292,Male,Mumbai,2023-03-02,36.0,704110.61,87.0,5,3.35
1028,Female,Pune,2022-02-09,25.0,,60.0,7,4.41
1382,Female,Delhi,2023-07-11,34.0,593919.45,82.0,5,3.0
1308,Male,Pune,2023-03-25,38.0,669327.24,95.0,7,3.29
1511,Female,Pune,2024-01-16,40.0,334162.97,47.0,6,2.48
1598,Male,Mumbai,2024-05-22,15.0,350747.2,75.0,12,2.13
1201,Female,Chennai,2022-10-20,27.0,800676.55,30.0,8,3.72
1719,Male,,2024-11-15,39.0,,99.0,7,1.65
1386,Female,Delhi,2023-07-17,41.0,353972.35,98.0,12,2.98
1717,Female,Mumbai,2024-12-11,29.0,824440.71,69.0,5,1.57
1665,Male,,2024-08-28,30.0,684421.72,9.0,7,1.86
1911,Female,Delhi,2025-08-22,41.0,510239.24,24.0,9,0.88
1800,,Mumbai,2025-03-13,42.0,693154.66,44.0,8,1.32
1542,Female,Mumbai,2024-01-03,21.0,365368.69,86.0,6,2.51
1315,Female,Bangalore,2023-04-04,47.0,823249.28,28.0,10,3.26
1281,Female,Bangalore,2023-02-14,46.0,770684.29,82.0,2,3.4
1959,Male,Bangalore,2025-01-11,41.0,930950.87,95.0,4,1.49
1761,Male,Bangalore,2025-01-15,38.0,574773.65,63.0,6,1.48
1354,Male,Chennai,2023-05-31,40.0,605758.16,94.0,6,3.11
1741,Female,Pune,2024-12-17,36.0,755329.21,24.0,8,1.56
1208,Female,Bangalore,2022-10-30,51.0,719140.45,37.0,4,3.69
1380,Male,Bangalore,2023-08-07,41.0,369026.8,20.0,7,2.92
1769,Male,Delhi,2025-01-27,40.0,662171.64,79.0,13,1.45
1413,,Delhi,2023-08-26,42.0,712627.09,22.0,11,2.87
1797,,Chennai,2025-09-03,43.0,676616.43,76.0,9,0.85
1024,Female,,2022-03-02,35.0,881356.17,48.0,8,4.35
1341,Female,Delhi,2023-12-05,30.0,605850.3,1.0,8,2.59
1923,Female,Bangalore,2025-09-09,39.0,845587.47,74.0,12,0.83
1642,Male,Pune,2024-07-25,19.0,586554.09,27.0,13,1.95
1155,,Bangalore,2022-08-14,43.0,680693.78,56.0,11,3.9
1866,Female,Pune,2025-06-18,39.0,839975.1,15.0,9,1.06
1559,Male,Pune,2024-03-26,28.0,364795.97,16.0,8,2.29
1999,,Mumbai,2025-12-29,16.0,417911.86,31.0,13,0.53
1791,Male,Mumbai,2025-02-28,41.0,911475.36,63.0,6,1.36
1323,Female,Pune,2023-04-16,51.0,495618.65,73.0,11,3.23
1545,Female,,2024-06-03,43.0,483846.38,73.0,6,2.1
1604,Male,Delhi,2024-05-31,28.0,419989.15,54.0,8,2.11
1588,Male,Bangalore,2024-07-05,17.0,639758.92,45.0,8,2.01
1083,Male,Bangalore,2022-04-30,31.0,578702.42,38.0,11,4.19
1862,Female,Chennai,2025-06-12,24.0,577892.88,52.0,7,1.07
1465,,,2023-10-11,32.0,368342.8,67.0,4,2.74
1553,Female,Pune,2024-03-17,21.0,532152.61,24.0,12,2.31
1334,Male,,2023-05-02,38.0,763977.63,17.0,9,3.19
1011,Male,Delhi,2022-01-15,,331070.19,37.0,12,4.48
1471,Male,Bangalore,2023-11-18,51.0,939486.44,49.0,10,2.64
1033,Male,Delhi,2022-02-16,,799304.93,38.0,7,4.39
1783,Male,Bangalore,2025-02-16,46.0,619147.17,73.0,8,1.39
1883,Male,Bangalore,2025-07-13,38.0,574507.41,15.0,10,0.99
1383,Female,,2023-07-13,67.0,785373.38,57.0,9,2.99
1708,Female,Delhi,2024-10-30,37.0,583858.87,99.0,9,1.69
1557,Male,Bangalore,2024-03-23,31.0,997666.8,62.0,8,2.29
1907,Female,,2025-08-17,41.0,498679.44,19.0,6,0.89
1915,Female,Bangalore,2025-08-28,26.0,605615.75,82.0,7,0.86
1379,Female,Delhi,2023-07-07,20.0,407283.31,20.0,5,3.01
1090,Female,Delhi,2022-11-05,52.0,605602.58,1.0,7,3.67
1214,Male,Chennai,2022-11-08,25.0,901891.54,88.0,11,3.67
1844,,Bangalore,2025-05-17,,697816.78,70.0,7,1.14
1134,Male,Delhi,2022-07-14,49.0,307446.74,58.0,7,3.99
1347,Female,Delhi,2023-05-21,42.0,580006.04,86.0,8,3.13
1008,Female,Pune,2022-11-01,32.0,809998.83,23.0,5,3.69
1619,Female,Bangalore,2024-06-22,47.0,652442.95,5.0,10,2.05
1321,Female,Delhi,2023-04-13,31.0,317541.14,31.0,8,3.24
1910,Female,Mumbai,2025-08-21,44.0,500246.96,83.0,9,0.88
1188,Female,Mumbai,2022-01-10,56.0,,1.0,6,4.49
1305,Male,Chennai,2023-03-21,52.0,1096993.99,80.0,9,3.3
1032,Male,Bangalore,2022-02-15,36.0,,76.0,7,4.39
1968,Male,Delhi,2025-11-14,25.0,336822.85,40.0,9,0.65
1241,,Pune,2022-12-17,,575114.54,91.0,3,3.56
1729,Male,Pune,2024-11-29,14.0,866076.34,1.0,6,1.61
1175,Female,Bangalore,2022-09-12,29.0,443740.66,22.0,9,3.82
1246,,Bangalore,2022-12-25,25.0,858327.05,60.0,6,3.54
1057,Male,Chennai,2022-03-23,39.0,400919.28,3.0,8,4.3
1753,Female,Mumbai,2025-04-01,59.0,401741.92,92.0,8,1.27
1146,Male,Pune,2022-07-31,,360875.25,47.0,6,3.94
1091,Male,Pune,2022-05-12,34.0,557514.21,83.0,11,4.16
1393,Female,Mumbai,2023-07-27,42.0,647063.59,61.0,10,2.95
1311,Female,Mumbai,2023-03-30,45.0,615396.63,98.0,5,3.28
1360,Female,Bangalore,2023-09-06,62.0,283849.84,32.0,11,2.84
1094,Female,Bangalore,2022-05-16,40.0,659272.89,20.0,7,4.15
1694,Male,Mumbai,2024-10-09,36.0,101531.37,18.0,6,1.75
1752,,Delhi,2025-02-01,38.0,853089.1,72.0,4,1.43
1377,Female,Bangalore,2023-04-07,,924195.19,11.0,8,3.26
1244,Female,Pune,2022-12-22,26.0,987997.68,63.0,6,3.55
1827,Male,Mumbai,2025-04-22,30.0,893374.66,40.0,12,1.21
1088,Female,Mumbai,2022-05-08,22.0,478921.42,65.0,14,4.17
1215,Male,Chennai,2022-09-11,61.0,551934.35,66.0,7,3.82
1985,Male,Mumbai,2025-12-09,47.0,553297.51,92.0,13,0.58
1174,Male,Delhi,2022-10-09,,532562.37,9.0,1,3.75
1426,Female,,2023-09-14,46.0,498996.63,16.0,9,2.82
1777,Male,Chennai,2025-08-02,43.0,,86.0,7,0.93
1119,Female,Delhi,2022-06-22,32.0,523040.89,77.0,13,4.05
1120,Female,Mumbai,2022-06-23,31.0,657726.43,24.0,4,4.04
1720,Male,Delhi,2024-11-16,29.0,667676.81,19.0,12,1.64
1001,Female,Mumbai,2022-01-01,24.0,,98.0,7,4.52
1395,Male,Delhi,2023-07-30,40.0,624831.32,70.0,7,2.94
1402,,Mumbai,2023-10-08,27.0,768063.83,70.0,11,2.75
1405,Male,Chennai,2023-08-14,,520770.78,75.0,13,2.9
1843,Male,Bangalore,2025-05-15,34.0,590159.02,72.0,9,1.15
1625,Female,Mumbai,2024-06-30,16.0,572189.94,48.0,8,2.02
1163,Female,Delhi,2022-08-25,29.0,655798.36,22.0,3,3.87
1115,Female,Bangalore,2022-06-16,23.0,388734.4,55.0,9,4.06
1151,,Chennai,2022-08-08,43.0,573168.87,42.0,4,3.92
1716,,,2024-10-11,39.0,570113.7,72.0,8,1.74
1581,Female,Delhi,2024-04-27,43.0,256587.61,15.0,9,2.2
1807,,Chennai,2025-03-23,14.0,779723.57,58.0,8,1.3
1544,Female,Delhi,2024-03-04,34.0,614786.56,58.0,8,2.35
1478,Female,Chennai,2023-11-29,29.0,591526.32,30.0,5,2.61
1533,,Chennai,2024-02-17,28.0,251659.29,19.0,9,2.39
1991,Male,Chennai,2025-12-17,32.0,673419.17,18.0,9,0.56
1591,Male,Chennai,2024-12-05,37.0,448574.63,71.0,7,1.59
1962,Female,Bangalore,2025-05-11,32.0,517705.77,31.0,4,1.16
1259,Female,Mumbai,2023-01-13,29.0,397238.81,14.0,9,3.49
1849,Female,Pune,2025-05-24,26.0,485332.03,57.0,9,1.13
1136,Male,Mumbai,2022-07-17,37.0,153344.24,39.0,7,3.98
1955,Female,,2025-10-26,70.0,365756.77,41.0,12,0.7
1900,Male,Chennai,2025-06-08,25.0,431319.69,92.0,7,1.08
1799,Female,Mumbai,2025-03-12,48.0,370719.94,78.0,8,1.33
1502,Female,Bangalore,2024-01-03,31.0,479221.98,53.0,7,2.51
1539,Female,Mumbai,2024-02-26,39.0,441242.7,28.0,6,2.37
1656,Male,Pune,2024-08-15,39.0,752042.7,73.0,9,1.9
1582,,Delhi,2024-04-29,42.0,606466.05,82.0,8,2.19
1344,Female,Chennai,2023-05-17,31.0,940930.2,25.0,11,3.15
1677,Male,Mumbai,2024-09-14,13.0,603491.09,51.0,4,1.82
1624,Female,,2024-06-29,60.0,736652.08,16.0,11,2.03
1294,Female,Chennai,2023-05-03,23.0,224656.25,48.0,7,3.18
1365,,Chennai,2023-06-16,26.0,352943.9,48.0,5,3.06
1808,,Mumbai,2025-03-25,40.0,326327.38,10.0,6,1.29
1015,Male,Chennai,2022-01-21,36.0,427961.46,50.0,5,4.46
1087,Male,Bangalore,2022-06-05,60.0,980886.7,11.0,4,4.09
1371,Male,,2023-06-25,22.0,656106.47,8.0,7,3.04
1166,Female,Pune,2022-08-30,37.0,378403.39,1.0,8,3.86
1884,Male,Chennai,2025-07-14,31.0,552452.98,6.0,8,0.99
1336,Male,Chennai,2023-05-05,40.0,428237.45,20.0,7,3.18
1060,Male,Bangalore,2022-03-28,16.0,542899.26,70.0,5,4.28
1355,Male,Bangalore,2023-06-02,16.0,,,8,3.1
1425,Male,,2023-12-09,48.0,588247.06,66.0,7,2.58
1293,Female,Bangalore,2023-03-03,37.0,726029.76,34.0,7,3.35
1042,Female,Chennai,2022-01-03,46.0,349340.87,31.0,15,4.51
1330,Male,Bangalore,2023-04-26,54.0,259574.26,69.0,9,3.2
1615,Female,Delhi,2024-06-16,25.0,755805.97,73.0,7,2.06
1430,Male,Pune,2023-09-19,18.0,428153.37,35.0,11,2.8
1080,Male,Pune,2022-04-26,25.0,302072.52,43.0,11,4.2
1029,Female,Delhi,2022-10-02,37.0,614544.93,46.0,7,3.77
1255,Male,Chennai,2023-07-01,38.0,423168.3,41.0,14,3.02
1751,Male,Bangalore,2025-01-01,30.0,824967.41,87.0,10,1.52
1459,Male,Delhi,2023-01-11,16.0,431878.51,17.0,9,3.49
1384,Female,Delhi,2023-07-14,17.0,1040845.79,50.0,7,2.99
1314,,Pune,2023-03-04,15.0,675910.06,11.0,9,3.35
1085,Male,Pune,2022-05-03,24.0,485214.0,42.0,3,4.18
1575,Female,Delhi,2024-04-18,21.0,671086.38,49.0,8,2.22
1137,Female,Pune,2022-07-18,38.0,697620.96,42.0,7,3.98
1112,Male,Delhi,2022-06-12,28.0,783202.06,24.0,8,4.07
1195,Male,Mumbai,2022-11-10,47.0,387741.29,86.0,10,3.66
1179,,Chennai,2022-09-18,32.0,402961.12,39.0,9,3.81
1888,Male,Delhi,2025-07-20,16.0,774583.67,38.0,6,0.97
1497,Female,Bangalore,2023-12-26,31.0,227609.97,37.0,10,2.54
1130,Female,Delhi,2022-07-08,,613727.41,43.0,8,4.0
1338,Male,Chennai,2023-08-05,35.0,490777.8,73.0,6,2.93
1609,Female,Delhi,2024-07-06,22.0,398681.92,22.0,11,2.01
1125,Male,Chennai,2022-01-07,50.0,439055.09,38.0,12,4.5
1963,Male,Pune,2025-06-11,33.0,734339.64,52.0,14,1.08
1227,,Delhi,2022-11-27,30.0,902667.26,9.0,12,3.61
1269,Female,Bangalore,2023-01-27,33.0,903743.67,68.0,6,3.45
1980,Female,Pune,2025-01-12,24.0,635634.82,79.0,12,1.49
1104,Female,Pune,2022-05-31,31.0,442030.51,1.0,9,4.11
1594,Male,Mumbai,2024-05-16,53.0,419561.91,64.0,6,2.15
1855,Male,Pune,2025-02-06,19.0,869328.69,58.0,15,1.42
1658,Female,Delhi,2024-08-18,35.0,482181.96,39.0,8,1.89
1228,Female,Delhi,2022-11-28,27.0,679605.61,60.0,4,3.61
1886,Male,Bangalore,2025-07-17,45.0,744154.42,84.0,6,0.98
1302,Female,Pune,2023-03-16,46.0,638664.06,77.0,11,3.32
1276,Female,Mumbai,2023-06-02,52.0,490079.08,42.0,11,3.1
1127,Female,Mumbai,2022-07-04,47.0,559416.51,75.0,11,4.01
1406,Female,Bangalore,2023-08-15,73.0,446497.67,80.0,6,2.9
1933,,Bangalore,2025-09-24,28.0,628570.2,99.0,9,0.79
1037,Male,Delhi,2022-02-22,25.0,604779.02,39.0,6,4.38
1140,,Bangalore,2022-07-23,29.0,420402.47,43.0,10,3.96
1304,Female,Bangalore,2023-03-19,27.0,459035.57,5.0,10,3.31
1268,Male,Bangalore,2023-01-26,23.0,455874.79,28.0,9,3.45
1534,Female,Delhi,2024-02-18,20.0,525745.06,88.0,7,2.39
1546,Female,Bangalore,2024-07-03,22.0,548383.86,97.0,8,2.02
1213,Female,Mumbai,2022-06-11,32.0,723621.82,18.0,5,4.08
1469,Male,Pune,2023-11-15,36.0,936869.7,14.0,5,2.65
1199,Female,Chennai,2022-10-17,,732545.17,33.0,11,3.73
1528,Male,Delhi,2024-10-02,30.0,746919.63,26.0,6,1.77
1795,Male,Mumbai,2025-06-03,29.0,426149.53,38.0,10,1.1
1242,,Chennai,2022-12-19,43.0,486194.53,6.0,9,3.55
1343,Male,Pune,2023-05-15,34.0,578776.1,54.0,3,3.15
1550,Male,Bangalore,2024-03-13,24.0,629301.84,96.0,9,2.32
1387,Male,Chennai,2023-07-19,48.0,638512.05,26.0,11,2.97
1861,Male,Chennai,2025-10-06,22.0,794523.53,95.0,8,0.76
1207,Male,Chennai,2022-10-29,54.0,550751.58,4.0,6,3.69
1296,Female,Delhi,2023-08-03,25.0,776057.02,98.0,10,2.93
1772,Female,Chennai,2025-01-31,55.0,835789.68,19.0,9,1.43
1074,Female,Mumbai,2022-04-17,48.0,542321.56,18.0,10,4.23
1747,Female,Mumbai,2024-12-26,43.0,586372.18,2.0,5,1.53
1105,,,2022-01-06,37.0,647077.65,30.0,12,4.5
1690,Male,Chennai,2024-03-10,42.0,689112.92,20.0,5,2.33
1875,Male,Chennai,2025-01-07,42.0,255531.33,28.0,13,1.5
1967,Male,Mumbai,2025-11-12,32.0,727980.68,48.0,8,0.65
1017,Male,Mumbai,2022-01-24,16.0,675762.11,88.0,6,4.45
1440,Male,Chennai,2023-04-10,44.0,356256.93,41.0,12,3.25
1092,Male,Bangalore,2022-05-13,40.0,900842.86,2.0,5,4.16
1089,Female,,2022-09-05,35.0,,34.0,7,3.84
1451,Male,Bangalore,2023-10-20,25.0,810971.81,99.0,4,2.72
1103,Male,Pune,2022-05-30,39.0,387242.08,,6,4.11
1239,Female,,2022-12-14,12.0,533468.56,23.0,9,3.57
1723,Male,Delhi,2024-11-21,22.0,320569.54,94.0,7,1.63
1247,Female,Mumbai,2022-12-26,48.0,,49.0,7,3.53
1715,Male,Mumbai,2024-11-09,14.0,715180.89,59.0,11,1.66
1158,Male,Pune,2022-08-18,23.0,486897.74,30.0,11,3.89
1480,Female,Bangalore,2023-02-12,23.0,57351.47,63.0,3,3.4
1646,Female,Chennai,2024-07-31,35.0,606541.55,83.0,6,1.94
1847,Male,Mumbai,2025-05-21,37.0,,32.0,12,1.13
1989,Male,Bangalore,2025-12-14,26.0,656383.76,4.0,5,0.57
1019,Female,Pune,2022-01-27,45.0,481385.57,79.0,5,4.45
1707,Male,Bangalore,2024-10-28,,406099.3,89.0,8,1.69
1122,Female,,2022-06-26,24.0,663926.54,26.0,8,4.04
1838,Female,Delhi,2025-05-08,47.0,562512.6,57.0,12,1.17
1706,,Mumbai,2024-10-27,30.0,810784.18,62.0,11,1.7
1275,Female,Bangalore,2023-05-02,22.0,801600.8,51.0,10,3.19
1434,Male,Chennai,2023-09-25,41.0,632356.38,85.0,10,2.79
1899,Male,Delhi,2025-05-08,,462732.63,78.0,9,1.17
1312,Male,Pune,2023-03-31,14.0,624814.55,13.0,3,3.27
1832,Female,Bangalore,2025-04-29,34.0,591050.88,58.0,3,1.19
1837,,Mumbai,2025-06-05,46.0,662856.55,22.0,7,1.09
1547,Male,Pune,2024-03-08,16.0,568062.96,14.0,8,2.34
1182,Male,Delhi,2022-09-22,31.0,706729.6,83.0,5,3.79
1185,Male,Mumbai,2022-09-26,22.0,534411.62,80.0,9,3.78
1407,Female,Pune,2023-08-17,,752739.54,30.0,9,2.89
1607,Male,Mumbai,2024-06-04,50.0,580573.78,83.0,8,2.09
1693,Female,Delhi,2024-08-10,54.0,943681.41,62.0,8,1.91
1521,Female,Mumbai,2024-01-30,36.0,568016.8,77.0,4,2.44
1381,Male,Mumbai,2023-10-07,,774725.7,21.0,9,2.75
1411,Male,Delhi,2023-08-23,41.0,567354.71,26.0,9,2.88
1635,Male,Pune,2024-07-15,18.0,450935.3,82.0,10,1.98
1370,Male,Delhi,2023-06-24,44.0,534675.3,,6,3.04
1815,Female,Mumbai,2025-04-04,29.0,493229.01,43.0,10,1.26
1835,Female,Pune,2025-05-03,32.0,773701.97,33.0,7,1.18
1755,Male,,2025-06-01,42.0,447714.05,68.0,6,1.1
1079,Female,Delhi,2022-04-24,41.0,353300.48,98.0,11,4.21
1574,Female,Pune,2024-04-17,42.0,902022.14,62.0,7,2.23
1638,Male,Mumbai,2024-07-19,42.0,456303.9,49.0,9,1.97
1608,Female,Pune,2024-06-06,42.0,201174.23,66.0,6,2.09
1796,Female,Mumbai,2025-03-07,25.0,531406.97,70.0,8,1.34
1996,Male,Chennai,2025-12-25,28.0,624909.36,10.0,12,0.54
1863,Female,Mumbai,2025-06-13,47.0,843539.63,34.0,9,1.07
1926,Male,Mumbai,2025-09-13,52.0,507845.0,67.0,11,0.82
1417,Male,Mumbai,2023-08-31,33.0,365346.09,26.0,9,2.86
1744,Female,Mumbai,2024-12-21,41.0,808182.82,,4,1.55
1562,Male,Delhi,2024-03-30,23.0,591889.88,96.0,6,2.28
1068,Female,Mumbai,2022-08-04,49.0,723961.82,38.0,8,3.93
1537,Female,Mumbai,2024-02-23,30.0,464837.21,77.0,7,2.37
1078,Male,Chennai,2022-04-23,45.0,391630.49,84.0,13,4.21
1106,Male,Mumbai,2022-06-03,51.0,334841.25,97.0,12,4.1
1050,Male,Mumbai,2022-03-13,51.0,,73.0,8,4.32
1782,Female,Pune,2025-02-15,31.0,474823.09,60.0,17,1.39
1639,Male,,2024-07-21,16.0,482946.64,65.0,11,1.97
1560,Female,Pune,2024-03-27,33.0,532920.02,66.0,7,2.28
1762,Male,Pune,2025-01-17,41.0,793462.25,96.0,14,1.47
1691,Male,Mumbai,2024-10-05,59.0,971795.54,75.0,7,1.76
1870,,Chennai,2025-06-24,49.0,627638.13,97.0,11,1.04
1953,Male,Bangalore,2025-10-23,22.0,487263.47,78.0,9,0.71
1872,Male,Delhi,2025-06-26,34.0,617394.04,52.0,8,1.03
1736,Female,Pune,2024-12-10,32.0,508722.71,47.0,6,1.58
1780,Female,Pune,2025-12-02,34.0,502893.19,41.0,8,0.6
1491,Female,Delhi,2023-12-18,29.0,160261.44,14.0,7,2.56
1846,Female,Delhi,2025-05-19,23.0,676061.37,23.0,9,1.14
1606,Female,Bangalore,2024-03-06,31.0,355784.51,57.0,7,2.34
1364,Female,Bangalore,2023-06-15,28.0,968779.74,72.0,9,3.07
1070,,Delhi,2022-04-11,18.0,518272.82,57.0,11,4.24
1549,Female,Mumbai,2024-11-03,40.0,769389.3,15.0,9,1.68
1161,Female,Pune,2022-08-22,,523918.55,91.0,8,3.88
1012,,,2022-01-17,,642320.08,6.0,10,4.47
1145,Male,Delhi,2022-07-30,23.0,632681.09,76.0,4,3.94
1518,Female,Pune,2024-01-26,46.0,378411.67,84.0,6,2.45
1428,Female,,2023-09-17,40.0,613070.12,28.0,8,2.81
1640,Female,Pune,2024-07-22,41.0,,91.0,6,1.96
1177,Female,Chennai,2022-09-15,39.0,836664.76,76.0,3,3.81
1441,Male,,2023-06-10,49.0,803537.28,66.0,9,3.08
1522,Female,Pune,2024-01-02,37.0,787300.82,73.0,5,2.52
1873,Female,Bangalore,2025-06-28,17.0,904705.06,83.0,12,1.03
1960,Male,Chennai,2025-02-11,42.0,482665.45,71.0,9,1.4
1689,Male,Bangalore,2024-02-10,36.0,807025.78,10.0,10,2.41
1232,Female,Delhi,2022-12-04,44.0,556193.64,69.0,10,3.59
1211,Female,Bangalore,2022-11-03,36.0,676248.85,89.0,8,3.68
1641,Male,Bangalore,2024-07-24,59.0,658729.75,57.0,4,1.96
1144,Male,Bangalore,2022-07-28,58.0,860105.37,14.0,5,3.95
1754,Male,Delhi,2025-01-05,72.0,784119.65,23.0,7,1.51
1520,Male,Pune,2024-01-29,50.0,986877.71,11.0,11,2.44
1299,Female,Bangalore,2023-12-03,27.0,666648.01,54.0,7,2.6
1767,Male,Chennai,2025-01-24,28.0,506739.2,,6,1.45
1429,Female,Bangalore,2023-09-18,23.0,615951.31,77.0,5,2.81
1613,Female,Bangalore,2024-06-13,54.0,657930.74,,9,2.07
1931,Male,Bangalore,2025-09-21,59.0,560601.87,26.0,5,0.8
1940,Female,Mumbai,2025-10-04,,645732.61,3.0,9,0.76
1009,Female,Delhi,2022-12-01,35.0,667778.32,27.0,10,3.6
1157,Female,Mumbai,2022-08-16,33.0,862955.97,81.0,4,3.9
1540,Male,Bangalore,2024-02-27,39.0,629871.24,66.0,8,2.36
1507,,Bangalore,2024-10-01,38.0,480527.05,4.0,7,1.77
1437,Male,Delhi,2023-09-30,27.0,711730.18,98.0,11,2.77
1267,Female,Delhi,2023-01-24,32.0,694786.82,85.0,9,3.46
1462,Female,Chennai,2023-05-11,24.0,535888.08,66.0,8,3.16
1577,Male,Mumbai,2024-04-21,44.0,814649.88,33.0,9,2.21
1339,Female,Mumbai,2023-09-05,42.0,719372.44,2.0,6,2.84
1256,Female,Bangalore,2023-01-08,41.0,82316.67,62.0,12,3.5
1806,Male,Chennai,2025-03-22,37.0,689980.05,7.0,12,1.3
1974,Male,Bangalore,2025-11-23,41.0,989648.87,69.0,9,0.62
1666,Male,Pune,2024-08-29,,911376.37,13.0,5,1.86
1561,Male,Delhi,2024-03-29,35.0,,81.0,9,2.28
1209,Male,Delhi,2022-10-31,55.0,,4.0,3,3.69
1288,Female,Delhi,2023-02-24,33.0,549683.83,60.0,5,3.37
1002,,Bangalore,2022-02-01,25.0,830243.93,74.0,9,4.43
1342,Female,Bangalore,2023-05-14,34.0,545944.65,4.0,8,3.15
1270,Male,Delhi,2023-01-29,36.0,731678.5,62.0,12,3.44
1266,Male,Mumbai,2023-01-23,26.0,842994.7,48.0,1,3.46
1816,Female,,2025-06-04,15.0,469224.02,79.0,9,1.1
1823,Male,Bangalore,2025-04-16,48.0,352695.93,92.0,9,1.23
1096,Female,Mumbai,2022-05-19,47.0,274880.13,,7,4.14
1973,Male,Delhi,2025-11-21,46.0,480494.86,75.0,4,0.63
1043,Male,Delhi,2022-03-03,,,33.0,3,4.35
1805,Female,Delhi,2025-03-21,31.0,,31.0,10,1.3
1903,Male,Chennai,2025-11-08,43.0,601187.63,13.0,6,0.67
1629,Male,Mumbai,2024-06-07,33.0,486697.8,22.0,10,2.09
1046,Female,Bangalore,2022-03-07,60.0,809570.23,41.0,5,4.34
1162,Female,Mumbai,2022-08-24,45.0,533804.37,9.0,4,3.87
1728,Male,,2024-11-28,41.0,702265.33,14.0,10,1.61
1630,Male,Bangalore,2024-08-07,31.0,375963.31,3.0,12,1.92
1289,Male,Mumbai,2023-02-25,,662895.89,61.0,9,3.37
1590,Male,Chennai,2024-10-05,,724389.16,79.0,8,1.76
1957,Female,Bangalore,2025-10-29,,552081.54,30.0,9,0.69
1576,,Mumbai,2024-04-20,48.0,873247.8,51.0,9,2.22
1316,Female,Bangalore,2023-04-06,49.0,901609.52,42.0,8,3.26
1893,Female,Pune,2025-07-27,29.0,739846.12,73.0,5,0.95
1231,Male,Pune,2022-03-12,17.0,830225.88,57.0,10,4.33
1810,Male,Mumbai,2025-03-28,19.0,583810.36,39.0,3,1.28
1699,Male,,2024-10-17,33.0,679239.88,12.0,10,1.72
1829,Male,Chennai,2025-04-25,23.0,498453.34,86.0,7,1.2
1712,Female,Mumbai,2024-11-05,,821608.57,1.0,12,1.67
1077,Male,Delhi,2022-04-22,36.0,606780.16,2.0,13,4.21
1634,Female,Chennai,2024-07-14,53.0,463900.81,82.0,11,1.98
1979,Female,Pune,2025-11-30,41.0,598575.28,47.0,10,0.61
1248,,Mumbai,2022-12-27,35.0,697581.09,97.0,11,3.53
1820,Male,Delhi,2025-04-11,28.0,525314.06,76.0,10,1.24
1981,Male,Mumbai,2025-03-12,42.0,1153778.46,13.0,7,1.33
1477,Male,Pune,2023-11-27,38.0,630809.62,82.0,13,2.61
1671,Male,Delhi,2024-06-09,44.0,634040.41,52.0,9,2.08
1086,Male,Bangalore,2022-05-05,40.0,818647.42,5.0,15,4.18
1470,,Chennai,2023-11-17,38.0,800004.34,34.0,13,2.64
1226,Male,Bangalore,2022-11-25,35.0,549409.66,85.0,4,3.62
1775,Male,Chennai,2025-02-05,22.0,640090.3,11.0,7,1.42
1332,Male,Chennai,2023-04-29,28.0,561064.67,30.0,13,3.2
1234,Female,Mumbai,2022-07-12,18.0,488938.39,64.0,6,3.99
1589,Male,Bangalore,2024-05-09,37.0,926314.35,62.0,8,2.17
1476,,Chennai,2023-11-26,50.0,619699.67,58.0,5,2.62
1894,Female,Delhi,2025-07-29,38.0,,96.0,8,0.94
1874,Female,Pune,2025-06-29,41.0,326710.47,97.0,10,1.03
1600,Male,Pune,2024-05-25,55.0,480716.5,95.0,11,2.12
1422,Male,Bangalore,2023-08-09,37.0,894278.71,13.0,8,2.92
1688,Male,Bangalore,2024-10-01,43.0,656895.13,36.0,4,1.77
1183,,Bangalore,2022-09-23,45.0,882042.76,48.0,9,3.79
1618,Male,Chennai,2024-06-20,41.0,905860.84,87.0,6,2.05
1333,Male,Delhi,2023-01-05,35.0,600920.22,95.0,9,3.51
1439,Male,Delhi,2023-10-03,45.0,417732.94,59.0,7,2.77
1006,Male,Chennai,2022-08-01,25.0,961303.24,76.0,11,3.94
1530,Female,Bangalore,2024-02-13,42.0,636505.86,39.0,5,2.4
1235,Male,Chennai,2022-12-08,31.0,631929.55,41.0,11,3.58
1487,Male,Delhi,2023-12-12,35.0,128533.16,67.0,7,2.57
1908,Male,Delhi,2025-08-18,41.0,430134.1,21.0,12,0.89
1498,Male,Bangalore,2023-12-28,37.0,622464.23,96.0,6,2.53
1902,Male,Mumbai,2025-09-08,26.0,,88.0,8,0.83
1107,Female,Delhi,2022-04-06,23.0,468198.65,24.0,5,4.26
1444,Female,Bangalore,2023-10-10,48.0,762240.71,40.0,5,2.75
1489,,Delhi,2023-12-15,27.0,,81.0,14,2.57
1647,Female,Mumbai,2024-02-08,27.0,620337.08,57.0,10,2.41
1013,Female,Pune,2022-01-18,44.0,618220.17,65.0,10,4.47
1739,Female,Delhi,2024-12-14,56.0,579140.3,14.0,12,1.57
1727,Male,Bangalore,2024-11-27,43.0,,2.0,9,1.61
1191,Male,Mumbai,2022-05-10,36.0,479166.48,37.0,14,4.16
1951,Female,Mumbai,2025-10-20,31.0,546875.64,90.0,6,0.72
1833,Male,Bangalore,2025-04-30,35.0,393857.41,90.0,4,1.19
1283,Female,Bangalore,2023-02-17,28.0,619394.04,39.0,3,3.39
1030,Male,Pune,2022-12-02,49.0,637459.11,36.0,4,3.6
1170,Female,Delhi,2022-04-09,32.0,383125.76,83.0,7,4.25
1181,Male,,2022-09-21,35.0,502522.12,6.0,5,3.8
1101,Male,Mumbai,2022-05-27,37.0,494922.23,22.0,5,4.12
1198,Female,,2022-10-15,47.0,557305.57,61.0,7,3.73
1496,Female,Chennai,2023-12-25,35.0,852497.98,76.0,6,2.54
1722,Male,Mumbai,2024-11-19,35.0,789385.69,9.0,6,1.63
1648,Female,Pune,2024-03-08,41.0,621130.77,93.0,8,2.34
1984,Male,Bangalore,2025-07-12,31.0,521853.62,86.0,6,0.99
1938,,Pune,2025-01-10,12.0,536979.93,1.0,5,1.49
1711,Male,Mumbai,2024-03-11,50.0,685118.85,14.0,5,2.33
1374,Female,Bangalore,2023-06-30,24.0,799042.24,69.0,7,3.03
1679,,Mumbai,2024-09-17,27.0,,13.0,9,1.81
1889,Male,Chennai,2025-07-21,56.0,889970.7,26.0,5,0.97
1649,Male,Chennai,2024-08-05,57.0,878925.08,15.0,7,1.92
1798,Female,Mumbai,2025-10-03,30.0,439048.13,53.0,8,0.76
1848,,Mumbai,2025-05-22,36.0,481865.09,86.0,9,1.13
1461,Male,Delhi,2023-04-11,,,35.0,7,3.24
1414,Female,Mumbai,2023-08-27,36.0,,89.0,7,2.87
1132,Male,Bangalore,2022-11-07,39.0,421822.08,37.0,15,3.67
1040,Female,Delhi,2022-02-26,,644295.54,36.0,6,4.36
1435,Male,Mumbai,2023-09-27,44.0,633407.4,,4,2.78
1216,Male,Delhi,2022-11-11,33.0,266026.47,48.0,10,3.66
1556,Female,Delhi,2024-03-22,43.0,780687.77,13.0,8,2.3
1567,Female,Chennai,2024-07-04,,857325.16,84.0,10,2.01
1763,Male,Mumbai,2025-01-18,43.0,439467.72,97.0,6,1.47
1475,Female,Delhi,2023-11-24,,543639.52,42.0,9,2.62
1457,Male,Chennai,2023-10-29,43.0,383157.98,12.0,5,2.69
1812,Female,Chennai,2025-03-31,48.0,507725.56,30.0,9,1.27
1261,Female,Delhi,2023-01-15,54.0,392817.8,36.0,9,3.48
1817,Female,Delhi,2025-04-07,22.0,772789.33,85.0,8,1.25
1036,Female,Chennai,2022-02-21,31.0,539407.72,42.0,8,4.38
1828,Male,,2025-04-23,38.0,707856.09,44.0,14,1.21
1310,Male,Pune,2023-03-28,45.0,300760.17,17.0,7,3.28
1277,Male,Delhi,2023-02-08,34.0,270881.48,29.0,7,3.41
1637,Female,Delhi,2024-07-18,30.0,929956.74,10.0,9,1.97
1655,Female,Mumbai,2024-08-13,53.0,809334.97,3.0,11,1.9
1623,Female,Bangalore,2024-06-28,25.0,435143.29,8.0,8,2.03
1836,Female,Chennai,2025-05-05,24.0,208861.02,16.0,10,1.18
1845,Male,Pune,2025-05-18,24.0,630174.37,,13,1.14
1394,Male,Bangalore,2023-07-29,31.0,491979.38,,12,2.95
1947,Male,Bangalore,2025-10-14,44.0,424855.28,38.0,7,0.73
1108,Male,Chennai,2022-06-06,49.0,267104.65,14.0,8,4.09
1954,,Chennai,2025-10-24,25.0,683054.52,49.0,6,0.71
1525,Female,Bangalore,2024-05-02,42.0,778648.93,73.0,8,2.18
1785,Male,Chennai,2025-02-19,41.0,492307.71,28.0,13,1.38
1048,Female,Mumbai,2022-10-03,26.0,,56.0,13,3.76
1204,Female,Delhi,2022-10-24,51.0,1082843.46,82.0,6,3.71
1934,Female,Bangalore,2025-09-25,45.0,602003.58,27.0,6,0.79
1632,Female,Delhi,2024-11-07,51.0,1037142.33,14.0,5,1.67
1022,Male,Delhi,2022-01-31,19.0,787465.46,51.0,11,4.44
1403,Female,Mumbai,2023-08-11,28.0,650059.06,63.0,10,2.91
1084,Male,Pune,2022-02-05,30.0,509241.5,94.0,6,4.42
1131,Female,Chennai,2022-09-07,24.0,472153.89,29.0,9,3.84
1416,Female,Pune,2023-08-30,33.0,550824.25,31.0,12,2.86
1994,Female,Mumbai,2025-12-22,40.0,711347.17,33.0,9,0.54
1842,Female,Bangalore,2025-05-14,27.0,451445.03,90.0,12,1.15
1742,Male,Chennai,2024-12-18,25.0,588773.14,55.0,4,1.56
1698,Female,Mumbai,2024-10-15,46.0,439008.12,25.0,8,1.73
1287,Female,Mumbai,2023-02-22,35.0,358364.24,4.0,8,3.38
1124,Male,Pune,2022-06-29,31.0,,80.0,6,4.03
1034,,Mumbai,2022-02-18,,454067.08,,1,4.39
1986,Female,Mumbai,2025-10-12,46.0,1127635.05,24.0,9,0.74
1517,Female,Bangalore,2024-01-25,52.0,580433.84,52.0,9,2.45
1924,Male,Delhi,2025-10-09,44.0,597667.93,25.0,12,0.75
1020,Male,Mumbai,2022-01-28,20.0,662941.26,90.0,10,4.44
1935,Male,Chennai,2025-09-27,30.0,869076.25,89.0,5,0.78
1220,Female,Delhi,2022-11-17,55.0,757406.17,73.0,11,3.64
1892,Female,Bangalore,2025-07-26,43.0,539015.56,51.0,4,0.95
1482,Female,Mumbai,2023-04-12,41.0,696687.98,72.0,7,3.24
1932,Female,Bangalore,2025-09-22,26.0,477843.61,72.0,10,0.79
1357,Male,Pune,2023-05-06,21.0,835508.94,2.0,9,3.18
1662,,Bangalore,2024-08-24,30.0,819330.45,23.0,4,1.87
1225,Male,Bangalore,2022-11-24,28.0,739664.16,42.0,13,3.62
1760,Male,Bangalore,2025-01-14,57.0,652916.91,,7,1.48
1093,Male,Bangalore,2022-05-15,22.0,597966.86,85.0,8,4.15
1152,Male,Pune,2022-09-08,48.0,682421.83,32.0,11,3.83
1993,Male,Bangalore,2025-12-20,64.0,1043108.92,80.0,14,0.55
1318,Male,Chennai,2023-09-04,30.0,,99.0,5,2.84
1449,Female,Pune,2023-10-17,27.0,842431.74,55.0,9,2.73
1804,Female,Delhi,2025-03-19,38.0,795837.09,79.0,5,1.31
1746,Female,Bangalore,2024-12-24,52.0,608717.12,34.0,5,1.54
1523,,Delhi,2024-02-02,28.0,258376.12,4.0,9,2.43
1280,Male,Bangalore,2023-02-12,38.0,582548.8,39.0,9,3.4
1584,Male,Bangalore,2024-02-05,28.0,718283.1,23.0,7,2.42
1765,Male,Mumbai,2025-01-21,45.0,799156.25,81.0,13,1.46
1605,Male,Mumbai,2024-01-06,30.0,285310.05,88.0,12,2.51
1992,Female,Mumbai,2025-12-19,31.0,,43.0,14,0.55
1350,Female,Mumbai,2023-05-26,31.0,574652.79,74.0,5,3.12
1928,Female,Bangalore,2025-09-16,43.0,709460.53,89.0,14,0.81
1375,Male,Delhi,2023-01-07,,454269.52,19.0,6,3.5
1401,Male,Mumbai,2023-08-08,24.0,665786.58,51.0,9,2.92
1705,Male,Bangalore,2024-10-25,46.0,615755.55,50.0,10,1.7
1258,Female,Bangalore,2023-11-01,46.0,789904.58,58.0,4,2.69
1945,Male,Chennai,2025-11-10,32.0,453346.98,,9,0.66
1852,Male,Pune,2025-05-28,32.0,529164.25,,2,1.11
1073,Male,Mumbai,2022-04-16,57.0,629883.89,15.0,3,4.23
1196,Male,Pune,2022-10-12,41.0,590907.0,62.0,4,3.74
1484,Female,Mumbai,2023-12-07,68.0,673747.61,8.0,6,2.59
1856,Male,Delhi,2025-06-03,45.0,347757.63,3.0,10,1.1
1138,Male,Bangalore,2022-07-20,32.0,426387.22,28.0,3,3.97
1495,Female,Bangalore,2023-12-23,35.0,644618.25,21.0,8,2.54
1773,Male,Pune,2025-02-02,35.0,719351.73,24.0,7,1.43
1551,Female,,2024-03-14,25.0,535907.49,33.0,14,2.32
1463,Male,Mumbai,2023-11-07,45.0,345715.84,75.0,12,2.67
1202,Male,Mumbai,2022-10-21,13.0,624362.94,20.0,9,3.72
1313,Male,Bangalore,2023-04-01,51.0,345101.42,14.0,3,3.27
1291,Male,Delhi,2023-02-28,28.0,366493.16,10.0,11,3.36
1961,Male,Mumbai,2025-11-04,42.0,933476.47,83.0,6,0.68
1190,Male,Chennai,2022-10-04,33.0,484449.9,83.0,10,3.76
1764,Male,Bangalore,2025-01-20,40.0,584556.51,90.0,15,1.46
1113,,Delhi,2022-06-13,51.0,455546.22,60.0,5,4.07
1950,Female,Bangalore,2025-10-18,47.0,604490.08,47.0,2,0.72
1184,Female,Pune,2022-09-25,16.0,570984.68,7.0,8,3.79
1153,Male,Chennai,2022-11-08,,711460.86,26.0,11,3.67
1825,Female,Bangalore,2025-04-19,31.0,694372.47,63.0,5,1.22
1326,Male,Delhi,2023-04-20,32.0,434803.16,21.0,9,3.22
1704,Male,Bangalore,2024-10-24,39.0,687700.35,73.0,15,1.71
1045,Male,Pune,2022-06-03,42.0,603045.4,18.0,6,4.1
1445,Female,Pune,2023-10-11,35.0,567688.8,28.0,10,2.74
1788,Female,Bangalore,2025-02-24,27.0,258269.15,95.0,13,1.37
1007,Male,Chennai,2022-01-09,53.0,529857.91,43.0,13,4.5
1251,Male,Chennai,2023-01-01,26.0,469119.62,70.0,7,3.52
1824,Female,Chennai,2025-04-17,52.0,735102.0,23.0,5,1.23
1076,Male,Bangalore,2022-04-20,50.0,748081.42,88.0,9,4.22
1513,,,2024-01-19,38.0,580221.71,44.0,10,2.47
1941,Male,Mumbai,2025-05-10,29.0,945977.08,68.0,7,1.16
1392,Female,Mumbai,2023-07-26,,273424.43,68.0,5,2.95
1896,Male,Chennai,2025-01-08,32.0,278421.04,56.0,8,1.5
1433,Female,Bangalore,2023-09-24,46.0,564036.67,31.0,10,2.79
1069,Male,Delhi,2022-10-04,36.0,318178.61,47.0,12,3.76
1168,Male,Bangalore,2022-02-09,30.0,864036.84,84.0,5,4.41
1905,Female,Chennai,2025-08-14,28.0,521105.46,76.0,13,0.9
1731,Male,Delhi,2024-02-12,49.0,670458.09,58.0,8,2.4
1555,Female,Delhi,2024-03-20,24.0,818389.23,62.0,7,2.3
1367,,Chennai,2023-06-19,33.0,544736.07,13.0,7,3.06
1585,Female,,2024-03-05,36.0,614376.19,78.0,10,2.34
1536,,Mumbai,2024-02-21,33.0,720918.47,77.0,7,2.38
1399,Male,Bangalore,2023-05-08,14.0,499750.77,17.0,8,3.17
1186,Female,Pune,2022-09-28,22.0,760216.19,69.0,6,3.78
1349,Female,,2023-05-24,43.0,447916.36,,6,3.13
1616,,Chennai,2024-06-17,20.0,377914.85,98.0,3,2.06
1920,Male,Bangalore,2025-05-09,63.0,565571.15,61.0,7,1.17
1212,Female,Bangalore,2022-05-11,16.0,572814.54,,4,4.16
1580,Male,Bangalore,2024-04-26,35.0,455763.09,76.0,5,2.2
1503,Male,Mumbai,2024-04-01,19.0,521411.6,47.0,7,2.27
1538,Male,Chennai,2024-02-24,52.0,285684.38,,4,2.37
1197,Male,,2022-10-14,37.0,694583.42,72.0,5,3.73
1176,Male,Bangalore,2022-09-13,45.0,395001.54,18.0,8,3.82
