customer_id,gender,city,signup_date,age,annual_income,spending_score,num_purchases
1682,Male,,22/09/2024,46.0,578401.07,79.0,5
1025,Female,Pune,05/02/2022,16.0,672283.1,70.0,9
1622,Male,Mumbai,26/06/2024,37.0,,89.0,9
1100,Male,delhi,25/05/2022,39.0,496572.58,12.0,8
1285,Female,delhi,2023-02-20,,,65.0,12
1692,Female,Bangalore,2024-10-06,16.0,796435.8,12.0,5
1745,Male,Bangalore,23/12/2024,40.0,450592.14,72.0,5
1309,male,delhi,2023-03-27,33.0,891605.06,23.0,5
1770,FEMALE,delhi,2025-01-28,44.0,284264.96,13.0,15
1436,male,Mumbai,28/09/2023,41.0,683479.03,54.0,13
1927,Male,BANGALORE,2025-09-15,19.0,,,12
1164,Female,Chennai,2022-08-27,34.0,772363.36,34.0,4
1233,Female,delhi,2022-12-06,36.0,838728.97,22.0,8
1943,Female,Chennai,08/10/2025,20.0,367228.46,37.0,12
1919,male,delhi,03/09/2025,48.0,532263.14,44.0,9
1169,Male,Mumbai,03/09/2022,,659520.99,53.0,8
1958,Male,Bangalore,30/10/2025,19.0,601752.7,5.0,6
1660,Female,Bangalore,2024-08-21,42.0,242386.9,2.0,9
1366,Female,Mumbai,2023-06-18,28.0,375569.35,50.0,7
1257,,delhi,2023-01-10,16.0,611953.57,93.0,12
1154,Female,Chennai,12/08/2022,32.0,573170.96,1.0,9
1917,Male,Pune,2025-08-31,43.0,362623.75,17.0,9
1686,Female,Pune,2024-09-28,24.0,716355.79,33.0,6
1726,FEMALE,Mumbai,2024-11-25,21.0,567087.81,33.0,6
1990,FEMALE,Chennai,2025-12-16,20.0,,46.0,12
1298,Male,Mumbai,11/03/2023,40.0,583214.55,10.0,5
1095,male,delhi,2022-05-18,33.0,649654.79,61.0,3
1879,Male,delhi,2025-07-07,42.0,626437.29,64.0,6
1061,Female,Pune,29/03/2022,46.0,616864.77,67.0,8
1010,male,Bangalore,14/01/2022,26.0,533172.71,58.0,5
1756,male,Pune,2025-01-08,33.0,525093.55,14.0,9
1786,,Pune,2025-02-21,36.0,,65.0,11
1737,Female,Bangalore,2024-12-11,28.0,525411.9,44.0,11
1026,male,Bangalore,2022-02-06,49.0,721645.78,99.0,10
1851,Male,delhi,2025-05-27,28.0,871716.57,31.0,3
1358,Female,Bangalore,06/06/2023,37.0,557484.27,94.0,3
1675,Female,Chennai,2024-09-12,52.0,206814.2,18.0,6
1229,FEMALE,,30/11/2022,18.0,491774.93,15.0,12
1501,Female,Bangalore,2024-01-01,27.0,409746.12,35.0,11
1499,,delhi,29/12/2023,45.0,829235.65,11.0,13
1578,,BANGALORE,2024-04-23,44.0,,30.0,8
1876,Male,Bangalore,2025-07-02,34.0,213341.99,95.0,9
1139,Female,Bangalore,21/07/2022,42.0,497518.96,29.0,9
1172,Male,,07/09/2022,42.0,836352.28,45.0,6
1794,Female,Chennai,2025-03-04,48.0,725996.17,47.0,4
1918,,BANGALORE,2025-09-02,32.0,540318.75,68.0,6
1014,Male,Mumbai,2022-01-19,32.0,,,4
1424,Female,Mumbai,11/09/2023,30.0,609934.21,66.0,6
1683,Male,BANGALORE,2024-09-23,20.0,,43.0,10
1217,Male,Mumbai,12/11/2022,36.0,748780.34,33.0,9
1735,Female,Mumbai,2024-12-08,44.0,816344.34,90.0,8
1109,Male,Chennai,07/06/2022,51.0,784002.29,36.0,6
1548,Female,BANGALORE,2024-03-10,45.0,686013.14,84.0,10
1114,FEMALE,Bangalore,2022-06-15,35.0,537602.6,95.0,7
1965,Male,BANGALORE,2025-11-09,,328792.71,98.0,8
1438,FEMALE,Chennai,2023-10-01,40.0,565169.88,72.0,12
1327,Female,Mumbai,2023-04-22,15.0,447941.81,77.0,7
1709,Male,BANGALORE,31/10/2024,40.0,777754.62,96.0,6
1446,,Mumbai,2023-10-13,24.0,475024.72,37.0,10
1566,Female,Bangalore,2024-04-05,23.0,986388.07,12.0,6
1803,Female,delhi,2025-03-18,50.0,741437.24,20.0,5
1346,Female,Bangalore,20/05/2023,54.0,675418.42,9.0,12
1448,male,Pune,16/10/2023,,,74.0,6
1111,Male,Pune,2022-06-10,10.0,596816.43,75.0,6
1126,Female,BANGALORE,2022-07-02,53.0,,65.0,13
1871,Female,Pune,25/06/2025,32.0,625418.55,32.0,10
1035,,Mumbai,2022-02-19,37.0,395482.93,12.0,8
1054,FEMALE,Chennai,2022-03-19,24.0,523613.55,60.0,14
1766,Female,delhi,23/01/2025,,705861.24,87.0,8
1949,FEMALE,delhi,17/10/2025,42.0,349308.48,56.0,8
1597,Female,delhi,2024-05-21,,449927.79,44.0,6
1238,Male,Bangalore,13/12/2022,51.0,724304.37,56.0,10
1325,,,19/04/2023,28.0,574623.86,8.0,8
1840,Female,delhi,2025-05-11,24.0,541139.0,82.0,5
1385,male,Chennai,16/07/2023,38.0,445923.41,74.0,6
1319,Male,Mumbai,10/04/2023,22.0,188406.65,61.0,7
1653,Female,delhi,2024-08-10,24.0,255764.83,20.0,7
1880,Male,BANGALORE,08/07/2025,23.0,577056.58,79.0,7
1300,Male,Chennai,2023-03-13,56.0,633968.94,84.0,5
1740,Female,Bangalore,2024-12-16,47.0,,93.0,9
1432,male,Bangalore,2023-09-22,45.0,752064.38,77.0,6
1418,Male,Mumbai,02/09/2023,,579041.62,42.0,7
1650,Female,Chennai,2024-08-06,33.0,390957.13,99.0,6
1668,Male,Pune,2024-09-01,32.0,246597.93,27.0,5
1944,FEMALE,Chennai,2025-10-10,45.0,966324.46,51.0,10
1725,Female,Chennai,2024-11-24,43.0,664175.3,16.0,3
1713,Female,Chennai,2024-11-06,43.0,518751.51,81.0,5
2000,Female,delhi,31/12/2025,12.0,1021423.7,28.0,11
1732,FEMALE,BANGALORE,2024-12-04,23.0,425645.86,89.0,7
1718,,Chennai,13/11/2024,34.0,673954.69,5.0,11
1205,Female,Bangalore,26/10/2022,33.0,505951.28,74.0,6
1572,male,Mumbai,2024-04-14,32.0,217957.61,49.0,10
1925,Female,Chennai,12/09/2025,32.0,,95.0,6
1243,,Chennai,2022-12-20,,489132.41,34.0,10
1983,Male,Bangalore,2025-12-06,30.0,949715.18,90.0,7
1171,Female,BANGALORE,2022-09-06,44.0,511381.03,40.0,9
1579,Female,BANGALORE,2024-04-24,40.0,448098.67,59.0,9
1971,Female,Mumbai,2025-11-18,39.0,720023.79,41.0,16
1966,Female,BANGALORE,2025-11-11,8.0,682918.87,,8
1939,Male,Bangalore,2025-10-02,35.0,785296.38,61.0,7
1206,Male,Chennai,2022-10-27,46.0,514187.22,24.0,7
1510,male,Chennai,2024-01-14,33.0,565035.93,40.0,9
1165,Male,Mumbai,2022-08-28,39.0,350120.96,49.0,6
1263,Male,delhi,2023-01-18,32.0,750536.46,8.0,12
1027,Male,Pune,2022-02-07,26.0,,65.0,4
1058,Male,Bangalore,25/03/2022,32.0,965452.3,,9
1047,Male,delhi,2022-03-09,35.0,372452.4,58.0,4
1278,Female,,2023-02-09,35.0,901109.04,82.0,8
1987,Female,Chennai,2025-12-12,20.0,567781.92,93.0,8
1906,FEMALE,delhi,2025-08-15,38.0,663918.53,51.0,9
1099,Male,Chennai,2022-05-24,42.0,315769.37,68.0,5
1593,Male,Mumbai,2024-05-15,32.0,147741.79,46.0,8
1721,,Mumbai,18/11/2024,27.0,419460.07,23.0,7
1651,Male,Mumbai,2024-08-07,44.0,520720.9,76.0,6
1730,Male,BANGALORE,01/12/2024,27.0,864212.35,90.0,9
1147,Female,Chennai,2022-08-02,41.0,555871.45,42.0,11
1792,Female,Chennai,2025-03-02,29.0,704075.95,93.0,8
1044,,BANGALORE,2022-03-04,23.0,788509.05,13.0,9
1696,Female,Mumbai,2024-10-12,19.0,535213.5,63.0,5
1664,Male,Bangalore,26/08/2024,38.0,920818.25,16.0,8
1064,Female,Bangalore,03/04/2022,73.0,265550.05,75.0,5
1952,Female,delhi,21/10/2025,28.0,807303.12,10.0,12
1631,male,Chennai,09/07/2024,33.0,762884.98,54.0,6
1337,FEMALE,Mumbai,07/05/2023,29.0,,48.0,7
1039,Female,Mumbai,2022-02-25,22.0,587816.43,11.0,4
1468,FEMALE,Bangalore,2023-11-14,20.0,472915.38,20.0,9
1558,Male,Bangalore,2024-03-25,42.0,1056099.86,47.0,12
1361,Female,Pune,11/06/2023,43.0,587779.62,16.0,13
1565,Female,Pune,04/04/2024,32.0,630057.73,3.0,10
1223,Male,Bangalore,21/11/2022,26.0,484823.66,10.0,8
1930,Male,Mumbai,2025-09-19,56.0,324239.34,70.0,9
1564,Male,delhi,2024-04-02,29.0,295774.01,8.0,6
1869,FEMALE,Mumbai,2025-06-22,48.0,563621.62,85.0,8
1356,Female,Pune,2023-06-03,21.0,465161.89,70.0,7
1789,Female,Mumbai,2025-02-25,43.0,,44.0,9
1306,,Pune,2023-03-22,,,15.0,10
1141,,Pune,2022-07-24,45.0,889172.93,3.0,10
1458,Female,Chennai,2023-10-30,46.0,1023349.36,45.0,9
1972,,Pune,2025-11-20,31.0,520957.0,27.0,12
1554,Female,Pune,2024-03-19,55.0,271489.33,30.0,8
1841,Male,delhi,12/05/2025,17.0,658654.99,71.0,3
1811,,Chennai,29/03/2025,17.0,615780.57,28.0,10
1839,Female,Pune,2025-05-09,13.0,699430.97,62.0,10
1062,Male,,2022-03-31,34.0,930247.32,56.0,4
1895,Female,BANGALORE,30/07/2025,39.0,925787.65,53.0,6
1914,Female,delhi,2025-08-27,46.0,467418.67,28.0,9
1512,Female,Chennai,2024-01-17,34.0,587762.31,94.0,7
1922,Female,Mumbai,08/09/2025,18.0,627334.37,68.0,8
1592,Female,,13/05/2024,38.0,552457.79,15.0,4
1802,Male,Chennai,16/03/2025,19.0,,54.0,15
1603,Male,delhi,2024-05-29,20.0,,52.0,9
1814,,Mumbai,03/04/2025,53.0,436414.4,67.0,16
1254,Male,Mumbai,2023-01-05,16.0,932960.37,98.0,4
1331,Female,BANGALORE,28/04/2023,20.0,710157.55,70.0,8
1369,Male,Mumbai,2023-06-22,11.0,643483.32,53.0,8
1110,Male,Mumbai,2022-06-09,34.0,539727.38,69.0,4
1790,,Bangalore,27/02/2025,40.0,879718.2,10.0,11
1320,Male,Mumbai,2023-04-12,32.0,671243.34,64.0,7
1758,Female,Bangalore,2025-01-11,46.0,621760.74,93.0,12
1626,Female,Chennai,2024-07-02,37.0,841019.13,61.0,6
1149,Male,Pune,2022-08-05,39.0,499299.17,32.0,15
1687,Female,Pune,2024-09-29,30.0,517974.75,24.0,10
1610,Female,Bangalore,09/06/2024,38.0,482727.86,20.0,15
1260,Male,BANGALORE,2023-01-14,37.0,769586.43,36.0,9
1535,male,Bangalore,20/02/2024,29.0,270627.23,83.0,5
1733,Female,Bangalore,05/12/2024,29.0,491698.2,16.0,10
1500,,Pune,2023-12-31,25.0,580402.71,20.0,5
1930,Male,Mumbai,2025-09-19,56.0,324239.34,70.0,9
1129,Male,delhi,2022-07-07,40.0,913973.29,35.0,5
1661,Female,BANGALORE,22/08/2024,46.0,786386.91,23.0,9
1587,Male,Chennai,2024-05-06,20.0,811403.26,97.0,8
1904,Female,Mumbai,12/08/2025,53.0,771737.7,43.0,7
1187,FEMALE,Chennai,29/09/2022,46.0,378009.43,16.0,7
1488,Male,Chennai,2023-12-13,14.0,497010.29,86.0,7
1571,Female,BANGALORE,13/04/2024,35.0,,59.0,7
1467,Male,,2023-11-13,43.0,623919.74,18.0,7
1486,,delhi,2023-12-10,29.0,820988.38,3.0,5
1595,FEMALE,Chennai,18/05/2024,16.0,,46.0,7
1750,Female,Mumbai,2024-12-30,23.0,532980.1,99.0,6
1586,Male,Mumbai,04/05/2024,54.0,694287.97,94.0,11
1472,,Chennai,20/11/2023,19.0,463823.42,54.0,9
1481,Female,Pune,03/12/2023,41.0,651244.37,19.0,5
1135,,Chennai,2022-07-15,29.0,786548.72,54.0,9
1611,Male,Pune,2024-06-10,41.0,335814.94,33.0,14
1819,Male,BANGALORE,2025-04-10,33.0,507833.53,56.0,10
1601,Male,Mumbai,26/05/2024,35.0,990170.36,62.0,7
1160,male,Mumbai,21/08/2022,34.0,304786.58,52.0,8
1409,,BANGALORE,20/08/2023,34.0,417143.74,75.0,10
1368,,Pune,2023-06-21,29.0,436792.42,15.0,11
1410,Male,Pune,2023-08-21,38.0,,71.0,5
1049,Female,Pune,12/03/2022,33.0,642965.3,24.0,7
1075,male,,2022-04-19,30.0,576011.75,82.0,4
1245,Male,Chennai,2022-12-23,31.0,451603.31,9.0,6
1948,,Mumbai,2025-10-16,,,83.0,11
1352,FEMALE,BANGALORE,28/05/2023,39.0,478019.85,43.0,10
1514,FEMALE,Mumbai,20/01/2024,28.0,795135.67,48.0,8
1286,Male,Bangalore,21/02/2023,36.0,671860.52,15.0,7
1676,,delhi,13/09/2024,28.0,583427.87,63.0,9
1700,Female,Bangalore,18/10/2024,53.0,238328.71,21.0,6
1621,Male,Bangalore,2024-06-25,31.0,629016.13,61.0,8
1504,FEMALE,delhi,2024-01-06,25.0,455789.99,75.0,1
1543,Male,BANGALORE,2024-03-03,47.0,259026.28,77.0,12
1055,Female,,20/03/2022,36.0,702045.53,2.0,3
1396,,Pune,2023-08-01,35.0,741956.86,78.0,8
1098,Female,Mumbai,2022-05-22,66.0,487461.6,88.0,6
1850,Female,BANGALORE,25/05/2025,37.0,544702.05,9.0,9
1404,FEMALE,Chennai,2023-08-12,51.0,761823.21,93.0,5
1450,Male,Chennai,2023-10-19,33.0,,4.0,11
1295,Male,Pune,06/03/2023,50.0,682106.4,33.0,3
1128,FEMALE,Bangalore,2022-07-05,30.0,644070.37,51.0,11
1853,Male,Pune,30/05/2025,,371288.11,9.0,8
1612,male,Chennai,2024-06-11,49.0,175263.4,72.0,8
1419,Female,Bangalore,2023-09-03,42.0,541992.51,41.0,8
1997,,,26/12/2025,47.0,440074.04,73.0,7
1378,Male,Bangalore,2023-07-05,59.0,577383.93,43.0,10
1524,FEMALE,Mumbai,2024-02-04,31.0,1127538.98,76.0,9
1081,FEMALE,Chennai,2022-04-27,150.0,891116.16,26.0,6
1159,Male,Pune,2022-08-19,48.0,839437.3,71.0,3
1483,Female,Bangalore,2023-12-06,48.0,867605.08,92.0,6
1427,Female,Mumbai,15/09/2023,26.0,615900.95,73.0,4
1860,Male,Chennai,2025-06-09,,893414.33,64.0,11
1685,,Mumbai,26/09/2024,35.0,729886.09,68.0,9
1887,Female,Mumbai,2025-07-18,30.0,408204.75,98.0,5
1672,FEMALE,Pune,2024-09-07,33.0,791064.76,81.0,7
1516,Male,Mumbai,2024-01-23,33.0,796463.9,85.0,12
1809,Female,Mumbai,2025-03-26,23.0,639897.06,10.0,7
1633,Female,Chennai,2024-07-12,8.0,523554.55,36.0,9
1697,Male,Mumbai,14/10/2024,33.0,575004.05,84.0,13
1351,Female,Pune,2023-05-27,49.0,456987.36,,7
1317,Female,Bangalore,2023-04-07,22.0,550127.18,96.0,6
1180,Male,Bangalore,2022-09-19,31.0,880988.47,,6
1891,male,Mumbai,2025-07-24,19.0,655659.8,92.0,5
1643,Male,Bangalore,27/07/2024,37.0,372564.24,75.0,9
1596,Female,BANGALORE,2024-05-19,25.0,709254.72,56.0,8
1123,Male,Pune,2022-06-28,54.0,697000.26,66.0,6
1909,Male,delhi,2025-08-20,36.0,543048.27,91.0,11
1473,Male,Pune,2023-11-21,-1.0,627227.55,31.0,8
1757,Female,,09/01/2025,41.0,535603.13,63.0,8
1885,male,Mumbai,2025-07-15,33.0,646574.26,73.0,8
1529,Male,Pune,11/02/2024,35.0,735436.34,77.0,6
1455,Male,Mumbai,2023-10-26,35.0,482369.13,14.0,10
1898,FEMALE,Mumbai,03/08/2025,27.0,686859.22,70.0,13
1913,Female,,25/08/2025,45.0,549179.31,45.0,3
1420,male,Pune,2023-09-05,-0.0,527673.5,23.0,7
1173,Female,BANGALORE,2022-09-09,24.0,544376.15,68.0,5
1897,Male,BANGALORE,2025-08-02,26.0,551143.81,59.0,9
1335,Male,,2023-05-04,25.0,836645.43,75.0,11
1398,Female,delhi,2023-08-04,34.0,397955.52,90.0,10
1272,FEMALE,Pune,2023-02-01,27.0,772848.72,86.0,8
1221,Female,,2022-11-18,28.0,659478.97,28.0,12
1988,Female,Bangalore,13/12/2025,36.0,325125.72,73.0,5
1464,Female,Chennai,2023-11-08,33.0,580321.4,41.0,4
1016,Male,Pune,22/01/2022,41.0,1058953.72,22.0,13
1570,Male,Bangalore,2024-04-11,44.0,373819.94,80.0,11
1390,FEMALE,Bangalore,2023-07-23,30.0,606924.95,31.0,5
1826,,Bangalore,20/04/2025,19.0,423406.92,61.0,7
1322,male,Mumbai,15/04/2023,44.0,618036.53,81.0,9
1801,male,,2025-03-15,43.0,973444.84,74.0,6
1858,Female,Bangalore,2025-06-06,21.0,683035.32,97.0,7
1526,Female,delhi,07/02/2024,49.0,548911.96,77.0,11
1508,FEMALE,Bangalore,11/01/2024,37.0,502465.21,27.0,7
1148,Female,Chennai,03/08/2022,37.0,,94.0,10
1397,FEMALE,Bangalore,02/08/2023,49.0,644161.7,68.0,11
1657,Male,BANGALORE,2024-08-16,31.0,787413.38,41.0,4
1998,Male,Mumbai,2025-12-28,60.0,550457.23,59.0,8
1052,male,Bangalore,16/03/2022,25.0,949174.27,55.0,9
1831,Male,,2025-04-28,39.0,645829.37,51.0,9
1329,Female,Chennai,2023-04-25,47.0,688704.75,50.0,8
1023,Male,Pune,2022-02-02,41.0,404335.56,88.0,5
1271,FEMALE,Chennai,30/01/2023,32.0,227910.4,80.0,10
1636,Female,delhi,2024-07-17,32.0,464053.35,67.0,10
1743,male,Chennai,2024-12-20,25.0,322080.17,15.0,12
1210,Male,,2022-11-02,44.0,469438.3,77.0,8
1290,Female,Mumbai,2023-02-27,12.0,967620.14,20.0,8
1143,Female,Chennai,2022-07-27,37.0,758075.71,59.0,6
1051,,Pune,2022-03-15,27.0,289314.44,31.0,8
1167,Male,Pune,2022-08-31,44.0,319618.39,73.0,9
1628,male,Bangalore,05/07/2024,35.0,531765.08,65.0,6
1978,Male,Bangalore,2025-11-28,21.0,862962.93,91.0,6
1082,Female,Mumbai,29/04/2022,47.0,761492.37,71.0,4
1340,Male,Mumbai,11/05/2023,35.0,553539.1,37.0,12
1695,Male,delhi,2024-10-11,24.0,619335.22,94.0,9
1912,Male,Pune,2025-08-24,20.0,833065.48,,8
1067,Male,delhi,07/04/2022,30.0,554332.33,10.0,9
1532,,BANGALORE,16/02/2024,7.0,712213.42,58.0,10
1663,Female,Pune,2024-08-25,29.0,816784.19,85.0,9
1509,,BANGALORE,2024-01-13,45.0,691956.12,44.0,14
1541,,Chennai,29/02/2024,42.0,558954.32,10.0,6
1284,Male,Mumbai,2023-02-18,39.0,571142.41,21.0,5
1882,Female,Pune,2025-07-11,33.0,770295.45,19.0,7
1519,,delhi,2024-01-28,47.0,338244.34,68.0,10
1065,Male,Bangalore,2022-04-04,39.0,599449.95,15.0,12
1654,male,delhi,2024-08-12,,416771.7,37.0,5
1265,FEMALE,Mumbai,21/01/2023,9.0,636302.67,36.0,3
1774,Female,,2025-02-03,,195269.2,88.0,7
1583,Female,BANGALORE,30/04/2024,31.0,19107.12,92.0,11
1515,Male,Mumbai,2024-01-22,6.0,405569.52,91.0,9
1021,Female,Chennai,2022-01-30,39.0,694610.19,72.0,4
1859,Female,Pune,07/06/2025,45.0,806778.16,21.0,7
1776,Male,delhi,2025-02-06,30.0,536166.02,59.0,6
1703,Male,delhi,22/10/2024,20.0,499922.78,64.0,10
1297,male,Mumbai,2023-03-09,47.0,717730.54,61.0,7
1617,Male,,2024-06-19,32.0,751984.55,57.0,6
1969,Female,delhi,2025-11-15,37.0,538588.34,6.0,11
1262,,Chennai,17/01/2023,46.0,570688.29,79.0,5
1659,Female,delhi,2024-08-19,20.0,506860.95,26.0,4
1505,Female,delhi,07/01/2024,29.0,569437.78,52.0,14
1982,male,Pune,04/12/2025,24.0,481305.46,11.0,7
1813,Male,delhi,2025-04-01,27.0,704097.57,37.0,6
1474,FEMALE,Bangalore,2023-11-23,37.0,75865.81,58.0,10
1834,Male,Chennai,2025-05-02,26.0,391277.12,94.0,6
1189,Female,delhi,2022-10-02,34.0,628561.88,37.0,8
1252,Female,Bangalore,2023-01-02,17.0,413867.16,37.0,9
1072,Male,delhi,2022-04-14,27.0,,71.0,7
1734,Female,Bangalore,2024-12-07,41.0,585670.62,79.0,2
1376,Male,Pune,03/07/2023,32.0,1029696.57,38.0,10
1345,Female,Chennai,2023-05-18,32.0,1078153.23,3.0,9
1784,Male,BANGALORE,18/02/2025,42.0,481335.02,52.0,9
1362,Female,delhi,2023-06-12,41.0,489588.4,76.0,6
1946,Male,Bangalore,13/10/2025,32.0,466039.33,8.0,6
1942,Female,delhi,2025-10-07,,304597.03,41.0,8
1373,Male,Pune,28/06/2023,60.0,387155.7,46.0,5
1412,,Mumbai,24/08/2023,43.0,923964.92,56.0,7
1563,Male,Chennai,2024-04-01,44.0,648842.18,43.0,7
1738,FEMALE,Mumbai,2024-12-13,52.0,969670.13,80.0,12
1466,Female,Mumbai,11/11/2023,11.0,263684.58,29.0,10
1819,Male,BANGALORE,2025-04-10,33.0,507833.53,56.0,10
1453,Female,Pune,2023-10-23,12.0,464751.76,47.0,6
1684,Female,Pune,2024-09-25,44.0,663581.68,44.0,5
1400,male,Chennai,07/08/2023,50.0,885318.6,19.0,11
1363,Female,BANGALORE,2023-06-14,13.0,936915.95,1.0,4
1599,Male,Mumbai,2024-05-23,33.0,222493.62,29.0,8
1456,Female,Pune,2023-10-27,25.0,883647.76,38.0,7
1219,Female,Chennai,2022-11-15,36.0,571376.85,83.0,8
1240,Male,Mumbai,2022-12-16,36.0,818739.53,25.0,8
1527,Female,delhi,2024-02-08,33.0,538766.83,48.0,6
1531,FEMALE,delhi,2024-02-14,18.0,602175.75,92.0,14
1193,,delhi,08/10/2022,24.0,492765.57,64.0,15
1490,FEMALE,Bangalore,16/12/2023,30.0,593095.64,17.0,11
1192,FEMALE,BANGALORE,2022-10-07,49.0,323307.5,81.0,11
1348,Male,delhi,2023-05-23,31.0,280872.65,87.0,5
1673,Male,Pune,09/09/2024,27.0,664851.76,38.0,10
1452,Female,BANGALORE,2023-10-22,31.0,562622.83,10.0,3
1133,Male,Mumbai,12/07/2022,21.0,429559.67,81.0,12
1714,Female,Bangalore,2024-11-08,49.0,476633.82,25.0,13
1253,FEMALE,Mumbai,04/01/2023,13.0,576697.92,31.0,3
1678,Female,Bangalore,2024-09-16,47.0,331179.44,9.0,8
1771,Male,Bangalore,2025-01-30,40.0,557499.73,66.0,8
1264,Female,Bangalore,2023-01-20,24.0,362506.92,26.0,11
1071,male,delhi,2022-04-13,46.0,695763.75,50.0,6
1273,FEMALE,Chennai,2023-02-02,37.0,485725.15,76.0,8
1977,Female,delhi,2025-11-27,60.0,307060.63,71.0,9
1328,Female,Chennai,23/04/2023,25.0,986491.9,59.0,6
1116,FEMALE,BANGALORE,2022-06-18,29.0,388299.26,77.0,7
1324,Male,delhi,2023-04-18,52.0,701375.49,10.0,6
1972,,Pune,2025-11-20,31.0,520957.0,27.0,12
1670,Male,Pune,04/09/2024,27.0,239222.17,64.0,7
1492,Female,delhi,2023-12-19,37.0,863927.13,9.0,7
1421,male,delhi,06/09/2023,43.0,518523.73,47.0,8
1627,Female,delhi,2024-07-03,,,15.0,12
1781,Female,Mumbai,13/02/2025,17.0,624809.02,27.0,3
1447,,Chennai,2023-10-14,33.0,403918.52,65.0,10
1460,Male,Chennai,02/11/2023,26.0,749989.99,80.0,11
1878,Female,Bangalore,2025-07-05,31.0,445312.5,98.0,5
1454,,BANGALORE,25/10/2023,38.0,381127.04,75.0,9
1811,,Chennai,29/03/2025,17.0,615780.57,28.0,10
1279,male,Mumbai,2023-02-11,43.0,832916.69,10.0,13
1793,Female,Bangalore,03/03/2025,9.0,388520.43,82.0,3
1901,Male,BANGALORE,08/08/2025,34.0,644447.13,58.0,7
1003,male,Pune,2022-01-03,32.0,,74.0,13
1230,Female,Bangalore,2022-12-01,34.0,813374.02,99.0,9
1995,Female,Chennai,2025-12-23,,385007.07,93.0,4
1937,Male,delhi,29/09/2025,35.0,874956.82,54.0,7
1970,Female,Mumbai,17/11/2025,71.0,840151.79,38.0,7
1865,Female,,16/06/2025,42.0,818096.94,35.0,9
1200,male,Mumbai,2022-10-18,43.0,438572.0,66.0,5
1372,Male,Mumbai,2023-06-27,,803218.7,74.0,5
1867,Male,Mumbai,2025-06-19,40.0,381820.68,96.0,8
1710,Female,Chennai,2024-11-02,40.0,672239.95,49.0,7
1066,Female,Chennai,2022-04-05,26.0,604212.04,92.0,6
1506,Male,delhi,2024-01-09,45.0,901649.48,8.0,3
1041,Male,Bangalore,2022-02-28,40.0,326346.21,52.0,12
1749,,Chennai,2024-12-29,48.0,161785.19,74.0,7
1485,Female,delhi,2023-12-09,40.0,573852.59,95.0,5
1818,Female,Chennai,2025-04-09,50.0,597655.3,52.0,9
1779,male,delhi,2025-02-11,31.0,501652.43,10.0,8
1956,Female,Pune,2025-10-27,50.0,1054788.21,83.0,6
1568,Female,Mumbai,08/04/2024,33.0,478003.08,16.0,8
1274,,Mumbai,03/02/2023,40.0,639312.71,80.0,7
1701,Female,,2024-10-20,18.0,680687.37,25.0,6
1822,Male,Mumbai,2025-04-14,41.0,924434.98,9.0,7
1494,Male,Mumbai,2023-12-22,48.0,663759.34,94.0,6
1976,Male,Pune,25/11/2025,42.0,588160.29,17.0,11
1178,Female,Mumbai,16/09/2022,57.0,934780.32,43.0,7
1301,Male,Mumbai,15/03/2023,21.0,,65.0,7
1038,Male,Chennai,2022-02-24,36.0,547165.8,71.0,9
1493,Male,delhi,21/12/2023,25.0,550038.02,62.0,6
1203,Male,Mumbai,2022-10-23,41.0,,60.0,15
1237,Male,Pune,2022-12-11,39.0,756956.32,71.0,8
1150,Male,Pune,2022-08-06,41.0,581075.24,32.0,9
1218,male,Chennai,2022-11-14,42.0,433458.96,58.0,8
1680,FEMALE,Chennai,2024-09-19,44.0,430974.28,40.0,11
1408,Male,Pune,2023-08-18,38.0,825474.8,25.0,4
1552,FEMALE,BANGALORE,2024-03-16,49.0,604952.71,17.0,9
1614,Male,delhi,2024-06-14,23.0,609174.29,46.0,8
1787,Female,BANGALORE,22/02/2025,35.0,818934.33,17.0,7
1303,Female,Mumbai,2023-03-18,,,1.0,4
1864,Female,Bangalore,2025-06-15,38.0,,96.0,3
1929,Female,BANGALORE,2025-09-18,28.0,872816.39,49.0,6
1674,Female,Pune,2024-09-10,51.0,1055648.61,65.0,8
1936,Male,Pune,2025-09-28,34.0,578319.04,18.0,8
1389,male,,2023-07-22,39.0,411907.94,73.0,5
1423,Male,Mumbai,2023-09-09,35.0,527259.38,89.0,5
1388,Male,Mumbai,20/07/2023,36.0,828951.92,30.0,5
1778,male,Bangalore,09/02/2025,45.0,667004.26,15.0,5
1391,,delhi,24/07/2023,38.0,874008.73,42.0,8
1857,Male,Chennai,2025-06-05,45.0,994562.15,35.0,8
1353,Female,Bangalore,2023-05-30,,915077.89,74.0,6
1194,Female,BANGALORE,2022-10-10,38.0,547192.45,90.0,6
1236,male,delhi,2022-12-10,26.0,714281.68,87.0,8
1443,Female,Chennai,2023-10-08,39.0,729872.94,54.0,5
1921,FEMALE,Chennai,2025-09-06,26.0,745105.67,93.0,8
1056,,delhi,2022-03-22,54.0,503041.86,15.0,4
1768,FEMALE,Bangalore,2025-01-25,22.0,297408.65,32.0,4
1097,Female,delhi,21/05/2022,49.0,657682.23,21.0,8
1142,Male,delhi,26/07/2022,19.0,,10.0,11
1702,Male,Bangalore,2024-10-21,35.0,445657.76,11.0,8
1868,Male,Mumbai,21/06/2025,19.0,758860.23,6.0,8
1645,Male,Mumbai,2024-07-30,40.0,906586.67,71.0,7
1573,Female,Chennai,2024-04-15,35.0,583036.07,63.0,7
1121,FEMALE,Pune,25/06/2022,30.0,421756.61,54.0,10
1602,Male,delhi,2024-05-28,38.0,654221.41,89.0,5
1569,,BANGALORE,2024-04-10,64.0,520736.73,78.0,9
1063,FEMALE,Chennai,2022-04-01,33.0,779317.73,63.0,8
1890,Male,,2025-07-23,52.0,314775.53,82.0,8
1652,Female,delhi,09/08/2024,19.0,566206.96,30.0,11
1415,Female,Bangalore,29/08/2023,33.0,581403.44,19.0,6
1004,Female,Chennai,05/01/2022,39.0,526517.88,70.0,6
1059,Male,Bangalore,2022-03-26,31.0,268926.22,31.0,13
1224,Female,Pune,2022-11-22,19.0,20021.24,65.0,6
1620,male,Chennai,2024-06-23,34.0,478012.74,55.0,6
1102,Female,,2022-05-28,31.0,805976.51,,9
1724,male,Mumbai,22/11/2024,22.0,844413.05,50.0,7
1222,Female,Mumbai,2022-11-19,37.0,579655.99,35.0,8
1830,Female,delhi,2025-04-26,24.0,228117.33,24.0,7
1005,Male,Pune,2022-01-06,46.0,559254.57,88.0,4
1053,,Pune,2022-03-17,29.0,879856.67,10.0,10
1018,Female,BANGALORE,2022-01-25,29.0,675565.84,25.0,12
1748,Female,delhi,27/12/2024,17.0,646020.23,27.0,7
1916,Female,Chennai,30/08/2025,35.0,,29.0,6
1307,Female,Chennai,24/03/2023,38.0,369965.59,28.0,10
1667,Male,delhi,31/08/2024,60.0,559905.08,28.0,9
1156,Male,Chennai,2022-08-15,58.0,490128.03,2.0,9
1964,Female,delhi,08/11/2025,39.0,485463.67,88.0,4
1681,FEMALE,delhi,2024-09-20,11.0,380070.54,55.0,6
1644,Male,BANGALORE,2024-07-28,27.0,421434.08,5.0,8
1249,,Pune,2022-12-29,,659416.69,51.0,7
1250,FEMALE,BANGALORE,30/12/2022,34.0,924245.38,60.0,8
1359,,delhi,2023-06-08,56.0,495827.27,66.0,7
1479,,Chennai,2023-11-30,45.0,613318.51,25.0,21
1431,Male,Bangalore,2023-09-21,27.0,558775.1,41.0,8
1442,,Mumbai,07/10/2023,43.0,754050.09,96.0,18
1821,FEMALE,delhi,2025-04-13,37.0,600776.12,68.0,6
1854,FEMALE,Pune,2025-05-31,51.0,708329.14,13.0,4
1031,Female,Mumbai,13/02/2022,23.0,322914.35,58.0,18
1282,Male,Chennai,2023-02-15,38.0,526122.65,1.0,6
1877,male,BANGALORE,04/07/2025,48.0,813828.85,85.0,10
1975,Male,delhi,2025-11-24,40.0,310613.59,57.0,10
1118,Male,Pune,20/06/2022,42.0,501501.92,24.0,10
1881,Male,Chennai,2025-07-10,35.0,422724.97,78.0,6
1117,FEMALE,Mumbai,2022-06-19,,415883.42,80.0,12
1759,FEMALE,Mumbai,2025-01-12,31.0,800273.29,65.0,11
1669,Male,Mumbai,2024-09-03,31.0,772144.94,51.0,9
1292,Male,Mumbai,02/03/2023,36.0,704110.61,87.0,5
1028,Female,Pune,09/02/2022,25.0,,60.0,7
1382,Female,delhi,11/07/2023,34.0,593919.45,82.0,5
1308,Male,Pune,2023-03-25,38.0,669327.24,95.0,7
1511,Female,Pune,16/01/2024,40.0,334162.97,47.0,6
1598,Male,Mumbai,22/05/2024,15.0,350747.2,75.0,12
1201,Female,Chennai,2022-10-20,27.0,800676.55,30.0,8
1719,Male,,2024-11-15,39.0,,99.0,7
1386,FEMALE,delhi,2023-07-17,41.0,353972.35,98.0,12
1717,FEMALE,Mumbai,2024-11-12,29.0,824440.71,69.0,5
1665,Male,,2024-08-28,30.0,684421.72,9.0,7
1911,Female,delhi,2025-08-22,41.0,510239.24,24.0,9
1800,,Mumbai,2025-03-13,42.0,693154.66,44.0,8
1542,Female,Mumbai,2024-03-01,21.0,365368.69,86.0,6
1315,FEMALE,Bangalore,2023-04-04,47.0,823249.28,28.0,10
1143,Female,Chennai,2022-07-27,37.0,758075.71,59.0,6
1281,FEMALE,BANGALORE,2023-02-14,46.0,770684.29,82.0,2
1959,Male,BANGALORE,2025-11-01,41.0,930950.87,95.0,4
1761,Male,Bangalore,2025-01-15,38.0,574773.65,63.0,6
1354,Male,Chennai,2023-05-31,40.0,605758.16,94.0,6
1741,Female,Pune,2024-12-17,36.0,755329.21,24.0,8
1208,Female,Bangalore,30/10/2022,51.0,719140.45,37.0,4
1380,Male,BANGALORE,2023-07-08,41.0,369026.8,20.0,7
1769,Male,delhi,27/01/2025,40.0,662171.64,79.0,13
1413,,delhi,2023-08-26,42.0,712627.09,22.0,11
1797,,Chennai,2025-03-09,43.0,676616.43,76.0,9
1024,Female,,2022-02-03,35.0,881356.17,48.0,8
1341,Female,delhi,2023-05-12,30.0,605850.3,1.0,8
1923,FEMALE,BANGALORE,2025-09-09,39.0,845587.47,74.0,12
1642,Male,Pune,2024-07-25,19.0,586554.09,27.0,13
1155,,BANGALORE,2022-08-14,43.0,680693.78,56.0,11
1866,Female,Pune,2025-06-18,39.0,839975.1,15.0,9
1559,male,Pune,26/03/2024,28.0,364795.97,16.0,8
1999,,Mumbai,2025-12-29,16.0,417911.86,31.0,13
1969,Female,delhi,2025-11-15,37.0,538588.34,6.0,11
1791,Male,Mumbai,2025-02-28,41.0,911475.36,63.0,6
1323,Female,Pune,2023-04-16,51.0,495618.65,73.0,11
1545,Female,,2024-03-06,43.0,483846.38,73.0,6
1604,Male,delhi,31/05/2024,28.0,419989.15,54.0,8
1588,Male,Bangalore,2024-05-07,17.0,639758.92,45.0,8
1083,Male,Bangalore,2022-04-30,31.0,578702.42,38.0,11
1862,Female,Chennai,12/06/2025,24.0,577892.88,52.0,7
1465,,,2023-11-10,32.0,368342.8,67.0,4
1553,Female,Pune,17/03/2024,21.0,532152.61,24.0,12
1334,Male,,02/05/2023,38.0,763977.63,17.0,9
1011,Male,delhi,2022-01-15,6.0,331070.19,37.0,12
1471,Male,BANGALORE,2023-11-18,51.0,939486.44,49.0,10
1033,Male,delhi,2022-02-16,,799304.93,38.0,7
1783,Male,Bangalore,2025-02-16,46.0,619147.17,73.0,8
1883,Male,BANGALORE,13/07/2025,38.0,574507.41,15.0,10
1383,Female,,2023-07-13,67.0,785373.38,57.0,9
1708,FEMALE,delhi,2024-10-30,37.0,583858.87,99.0,9
1557,Male,BANGALORE,2024-03-23,31.0,997666.8,62.0,8
1907,FEMALE,,17/08/2025,41.0,498679.44,19.0,6
1915,Female,Bangalore,2025-08-28,26.0,605615.75,82.0,7
1379,FEMALE,delhi,07/07/2023,20.0,407283.31,20.0,5
1090,Female,delhi,2022-05-11,52.0,605602.58,1.0,7
1214,Male,Chennai,08/11/2022,25.0,901891.54,88.0,11
1844,,BANGALORE,17/05/2025,,697816.78,70.0,7
1134,Male,delhi,2022-07-14,49.0,307446.74,58.0,7
1347,Female,delhi,2023-05-21,42.0,580006.04,86.0,8
1008,FEMALE,Pune,2022-01-11,32.0,809998.83,23.0,5
1619,FEMALE,BANGALORE,22/06/2024,47.0,652442.95,5.0,10
1321,Female,delhi,2023-04-13,31.0,317541.14,31.0,8
1910,Female,Mumbai,21/08/2025,44.0,500246.96,83.0,9
1188,Female,Mumbai,2022-10-01,56.0,,1.0,6
1305,male,Chennai,2023-03-21,52.0,1096993.99,80.0,9
1032,Male,BANGALORE,2022-02-15,36.0,,76.0,7
1968,Male,delhi,2025-11-14,25.0,336822.85,40.0,9
1241,,Pune,17/12/2022,,575114.54,91.0,3
1729,Male,Pune,2024-11-29,14.0,866076.34,1.0,6
1175,Female,BANGALORE,12/09/2022,29.0,443740.66,22.0,9
1246,,BANGALORE,2022-12-25,25.0,858327.05,60.0,6
1057,Male,Chennai,2022-03-23,39.0,400919.28,3.0,8
1753,Female,Mumbai,2025-01-04,59.0,401741.92,92.0,8
1146,Male,Pune,2022-07-31,,360875.25,47.0,6
1091,Male,Pune,12/05/2022,34.0,557514.21,83.0,11
1393,Female,Mumbai,2023-07-27,42.0,647063.59,61.0,10
1311,Female,Mumbai,2023-03-30,45.0,615396.63,98.0,5
1360,Female,BANGALORE,2023-06-09,62.0,283849.84,32.0,11
1094,Female,Bangalore,16/05/2022,40.0,659272.89,20.0,7
1694,Male,Mumbai,09/10/2024,36.0,101531.37,18.0,6
1752,,delhi,2025-01-02,38.0,853089.1,72.0,4
1377,FEMALE,Bangalore,2023-07-04,,924195.19,11.0,8
1244,Female,Pune,22/12/2022,26.0,987997.68,63.0,6
1827,Male,Mumbai,2025-04-22,30.0,893374.66,40.0,12
1088,Female,Mumbai,08/05/2022,22.0,478921.42,65.0,14
1215,male,Chennai,2022-11-09,61.0,551934.35,66.0,7
1985,male,Mumbai,09/12/2025,47.0,553297.51,92.0,13
1174,Male,delhi,2022-09-10,150.0,532562.37,9.0,1
1426,Female,,2023-09-14,46.0,498996.63,16.0,9
1777,Male,Chennai,2025-02-08,43.0,,86.0,7
1119,FEMALE,delhi,2022-06-22,32.0,523040.89,77.0,13
1120,Female,Mumbai,2022-06-23,31.0,657726.43,24.0,4
1720,male,delhi,2024-11-16,29.0,667676.81,19.0,12
1001,Female,Mumbai,01/01/2022,24.0,,98.0,7
1395,Male,delhi,2023-07-30,40.0,624831.32,70.0,7
1402,,Mumbai,2023-08-10,27.0,768063.83,70.0,11
1405,Male,Chennai,2023-08-14,9.0,520770.78,75.0,13
1843,Male,Bangalore,2025-05-15,34.0,590159.02,72.0,9
1625,Female,Mumbai,30/06/2024,16.0,572189.94,48.0,8
1163,Female,delhi,25/08/2022,29.0,655798.36,22.0,3
1115,Female,BANGALORE,16/06/2022,23.0,388734.4,55.0,9
1151,,Chennai,08/08/2022,43.0,573168.87,42.0,4
1716,,,2024-11-10,39.0,570113.7,72.0,8
1581,Female,delhi,2024-04-27,43.0,256587.61,15.0,9
1807,,Chennai,2025-03-23,14.0,779723.57,58.0,8
1369,Male,Mumbai,2023-06-22,11.0,643483.32,53.0,8
1544,Female,delhi,04/03/2024,34.0,614786.56,58.0,8
1478,Female,Chennai,29/11/2023,29.0,591526.32,30.0,5
1533,,Chennai,2024-02-17,28.0,251659.29,19.0,9
1991,male,Chennai,17/12/2025,32.0,673419.17,18.0,9
1591,Male,Chennai,2024-05-12,37.0,448574.63,71.0,7
1962,Female,Bangalore,2025-11-05,32.0,517705.77,31.0,4
1259,Female,Mumbai,13/01/2023,29.0,397238.81,14.0,9
1849,Female,Pune,2025-05-24,26.0,485332.03,57.0,9
1136,Male,Mumbai,17/07/2022,37.0,153344.24,39.0,7
1955,Female,,26/10/2025,70.0,365756.77,41.0,12
1900,Male,Chennai,2025-08-06,25.0,431319.69,92.0,7
1799,Female,Mumbai,12/03/2025,48.0,370719.94,78.0,8
1502,Female,Bangalore,03/01/2024,31.0,479221.98,53.0,7
1539,Female,Mumbai,2024-02-26,39.0,441242.7,28.0,6
1656,Male,Pune,2024-08-15,39.0,752042.7,73.0,9
1582,,delhi,2024-04-29,42.0,606466.05,82.0,8
1344,Female,Chennai,2023-05-17,31.0,940930.2,25.0,11
1677,Male,Mumbai,2024-09-14,13.0,603491.09,51.0,4
1624,Female,,2024-06-29,60.0,736652.08,16.0,11
1294,Female,Chennai,2023-03-05,23.0,224656.25,48.0,7
1365,,Chennai,2023-06-16,26.0,352943.9,48.0,5
1808,,Mumbai,25/03/2025,40.0,326327.38,10.0,6
1015,Male,Chennai,2022-01-21,36.0,427961.46,50.0,5
1087,male,BANGALORE,2022-05-06,60.0,980886.7,11.0,4
1371,Male,,2023-06-25,22.0,656106.47,8.0,7
1166,FEMALE,Pune,30/08/2022,37.0,378403.39,1.0,8
1884,Male,Chennai,2025-07-14,31.0,552452.98,6.0,8
1336,Male,Chennai,2023-05-05,40.0,428237.45,20.0,7
1060,Male,BANGALORE,2022-03-28,16.0,542899.26,70.0,5
1355,Male,Bangalore,02/06/2023,16.0,,,8
1425,Male,,2023-09-12,48.0,588247.06,66.0,7
1293,FEMALE,BANGALORE,2023-03-03,37.0,726029.76,34.0,7
1042,Female,Chennai,2022-03-01,46.0,349340.87,31.0,15
1330,Male,Bangalore,2023-04-26,54.0,259574.26,69.0,9
1615,FEMALE,delhi,2024-06-16,25.0,755805.97,73.0,7
1430,Male,Pune,19/09/2023,18.0,428153.37,35.0,11
1080,Male,Pune,2022-04-26,25.0,302072.52,43.0,11
1029,Female,delhi,2022-02-10,37.0,614544.93,46.0,7
1255,Male,Chennai,2023-01-07,38.0,423168.3,41.0,14
1751,Male,Bangalore,01/01/2025,30.0,824967.41,87.0,10
1459,Male,delhi,2023-11-01,16.0,431878.51,17.0,9
1384,FEMALE,delhi,2023-07-14,17.0,1040845.79,50.0,7
1314,,Pune,2023-04-03,15.0,675910.06,11.0,9
1085,Male,Pune,03/05/2022,24.0,485214.0,42.0,3
1575,FEMALE,delhi,2024-04-18,21.0,671086.38,49.0,8
1137,Female,Pune,2022-07-18,38.0,697620.96,42.0,7
1112,Male,delhi,12/06/2022,28.0,783202.06,24.0,8
1195,Male,Mumbai,2022-10-11,47.0,387741.29,86.0,10
1179,,Chennai,2022-09-18,32.0,402961.12,39.0,9
1888,Male,delhi,2025-07-20,16.0,774583.67,38.0,6
1497,Female,BANGALORE,2023-12-26,31.0,227609.97,37.0,10
1130,Female,delhi,08/07/2022,,613727.41,43.0,8
1338,male,Chennai,2023-05-08,35.0,490777.8,73.0,6
1609,Female,delhi,2024-06-07,22.0,398681.92,22.0,11
1125,Male,Chennai,2022-07-01,50.0,439055.09,38.0,12
1963,Male,Pune,2025-11-06,33.0,734339.64,52.0,14
1227,,delhi,2022-11-27,30.0,902667.26,9.0,12
1269,Female,BANGALORE,2023-01-27,33.0,903743.67,68.0,6
1980,Female,Pune,2025-12-01,24.0,635634.82,79.0,12
1453,Female,Pune,2023-10-23,12.0,464751.76,47.0,6
1104,Female,Pune,2022-05-31,31.0,442030.51,1.0,9
1594,Male,Mumbai,2024-05-16,53.0,419561.91,64.0,6
1855,Male,Pune,2025-06-02,19.0,869328.69,58.0,15
1658,Female,delhi,18/08/2024,35.0,482181.96,39.0,8
1228,Female,delhi,2022-11-28,27.0,679605.61,60.0,4
1886,Male,Bangalore,17/07/2025,45.0,744154.42,84.0,6
1302,Female,Pune,2023-03-16,46.0,638664.06,77.0,11
1276,Female,Mumbai,2023-02-06,52.0,490079.08,42.0,11
1127,FEMALE,Mumbai,04/07/2022,47.0,559416.51,75.0,11
1406,FEMALE,Bangalore,15/08/2023,73.0,446497.67,80.0,6
1933,,BANGALORE,2025-09-24,28.0,628570.2,99.0,9
1037,Male,delhi,22/02/2022,25.0,604779.02,39.0,6
1140,,BANGALORE,2022-07-23,29.0,420402.47,43.0,10
1304,Female,Bangalore,19/03/2023,27.0,459035.57,5.0,10
1268,male,Bangalore,26/01/2023,23.0,455874.79,28.0,9
1534,Female,delhi,2024-02-18,20.0,525745.06,88.0,7
1546,Female,Bangalore,2024-03-07,22.0,548383.86,97.0,8
1213,Female,Mumbai,2022-11-06,32.0,723621.82,18.0,5
1469,Male,Pune,15/11/2023,36.0,936869.7,14.0,5
1199,FEMALE,Chennai,17/10/2022,3.0,732545.17,33.0,11
1528,Male,delhi,2024-02-10,30.0,746919.63,26.0,6
1795,Male,Mumbai,2025-03-06,29.0,426149.53,38.0,10
1242,,Chennai,2022-12-19,43.0,486194.53,6.0,9
1343,Male,Pune,15/05/2023,34.0,578776.1,54.0,3
1550,male,BANGALORE,13/03/2024,24.0,629301.84,96.0,9
1387,Male,Chennai,2023-07-19,48.0,638512.05,26.0,11
1861,male,Chennai,2025-06-10,22.0,794523.53,95.0,8
1207,Male,Chennai,2022-10-29,54.0,550751.58,4.0,6
1296,Female,delhi,2023-03-08,25.0,776057.02,98.0,10
1772,FEMALE,Chennai,31/01/2025,55.0,835789.68,19.0,9
1074,FEMALE,Mumbai,2022-04-17,48.0,542321.56,18.0,10
1747,Female,Mumbai,2024-12-26,43.0,586372.18,2.0,5
1105,,,2022-06-01,37.0,647077.65,30.0,12
1690,Male,Chennai,2024-10-03,42.0,689112.92,20.0,5
1875,Male,Chennai,2025-07-01,42.0,255531.33,28.0,13
1967,male,Mumbai,12/11/2025,32.0,727980.68,48.0,8
1017,Male,Mumbai,2022-01-24,16.0,675762.11,88.0,6
1440,Male,Chennai,2023-10-04,44.0,356256.93,41.0,12
1092,male,BANGALORE,2022-05-13,40.0,900842.86,2.0,5
1089,FEMALE,,2022-05-09,35.0,,34.0,7
1451,male,Bangalore,20/10/2023,25.0,810971.81,99.0,4
1103,Male,Pune,30/05/2022,39.0,387242.08,,6
1239,Female,,2022-12-14,12.0,533468.56,23.0,9
1723,Male,delhi,2024-11-21,22.0,320569.54,94.0,7
1247,Female,Mumbai,26/12/2022,48.0,,49.0,7
1715,Male,Mumbai,09/11/2024,14.0,715180.89,59.0,11
1158,male,Pune,2022-08-18,23.0,486897.74,30.0,11
1480,Female,Bangalore,2023-12-02,23.0,57351.47,63.0,3
1646,FEMALE,Chennai,31/07/2024,35.0,606541.55,83.0,6
1847,Male,Mumbai,21/05/2025,37.0,,32.0,12
1989,Male,Bangalore,2025-12-14,26.0,656383.76,4.0,5
1019,Female,Pune,27/01/2022,45.0,481385.57,79.0,5
1707,Male,BANGALORE,2024-10-28,4.0,406099.3,89.0,8
1122,FEMALE,,2022-06-26,24.0,663926.54,26.0,8
1838,Female,delhi,08/05/2025,47.0,562512.6,57.0,12
1706,,Mumbai,27/10/2024,30.0,810784.18,62.0,11
1275,Female,Bangalore,2023-02-05,22.0,801600.8,51.0,10
1434,Male,Chennai,2023-09-25,41.0,632356.38,85.0,10
1899,Male,delhi,2025-08-05,150.0,462732.63,78.0,9
1312,Male,Pune,2023-03-31,14.0,624814.55,13.0,3
1832,Female,BANGALORE,29/04/2025,34.0,591050.88,58.0,3
1837,,Mumbai,2025-05-06,46.0,662856.55,22.0,7
1547,Male,Pune,08/03/2024,16.0,568062.96,14.0,8
1182,Male,delhi,2022-09-22,31.0,706729.6,83.0,5
1185,Male,Mumbai,2022-09-26,22.0,534411.62,80.0,9
1407,Female,Pune,2023-08-17,150.0,752739.54,30.0,9
1607,Male,Mumbai,04/06/2024,50.0,580573.78,83.0,8
1693,Female,delhi,2024-10-08,54.0,943681.41,62.0,8
1521,Female,Mumbai,2024-01-30,36.0,568016.8,77.0,4
1381,Male,Mumbai,2023-07-10,,774725.7,21.0,9
1411,Male,delhi,2023-08-23,41.0,567354.71,26.0,9
1635,Male,Pune,2024-07-15,18.0,450935.3,82.0,10
1370,Male,delhi,24/06/2023,44.0,534675.3,,6
1815,FEMALE,Mumbai,2025-04-04,29.0,493229.01,43.0,10
1835,Female,Pune,03/05/2025,32.0,773701.97,33.0,7
1755,Male,,2025-01-06,42.0,447714.05,68.0,6
1079,Female,delhi,24/04/2022,41.0,353300.48,98.0,11
1574,Female,Pune,17/04/2024,42.0,902022.14,62.0,7
1638,Male,Mumbai,2024-07-19,42.0,456303.9,49.0,9
1608,Female,Pune,2024-06-06,42.0,201174.23,66.0,6
1796,FEMALE,Mumbai,07/03/2025,25.0,531406.97,70.0,8
1996,Male,Chennai,2025-12-25,28.0,624909.36,10.0,12
1863,Female,Mumbai,2025-06-13,47.0,843539.63,34.0,9
1926,Male,Mumbai,2025-09-13,52.0,507845.0,67.0,11
1417,Male,Mumbai,2023-08-31,33.0,365346.09,26.0,9
1744,Female,Mumbai,2024-12-21,41.0,808182.82,,4
1562,Male,delhi,30/03/2024,23.0,591889.88,96.0,6
1068,FEMALE,Mumbai,2022-04-08,49.0,723961.82,38.0,8
1537,FEMALE,Mumbai,2024-02-23,30.0,464837.21,77.0,7
1078,Male,Chennai,2022-04-23,45.0,391630.49,84.0,13
1106,Male,Mumbai,03/06/2022,51.0,334841.25,97.0,12
1050,Male,Mumbai,2022-03-13,51.0,,73.0,8
1782,Female,Pune,2025-02-15,31.0,474823.09,60.0,17
1639,Male,,2024-07-21,16.0,482946.64,65.0,11
1560,Female,Pune,2024-03-27,33.0,532920.02,66.0,7
1762,Male,Pune,2025-01-17,41.0,793462.25,96.0,14
1691,Male,Mumbai,05/10/2024,59.0,971795.54,75.0,7
1870,,Chennai,2025-06-24,49.0,627638.13,97.0,11
1953,Male,BANGALORE,2025-10-23,22.0,487263.47,78.0,9
1872,Male,delhi,2025-06-26,34.0,617394.04,52.0,8
1736,FEMALE,Pune,10/12/2024,32.0,508722.71,47.0,6
1780,Female,Pune,2025-02-12,34.0,502893.19,41.0,8
1491,Female,delhi,2023-12-18,29.0,160261.44,14.0,7
1508,FEMALE,Bangalore,11/01/2024,37.0,502465.21,27.0,7
1846,Female,delhi,2025-05-19,23.0,676061.37,23.0,9
1606,Female,Bangalore,2024-06-03,31.0,355784.51,57.0,7
1364,Female,BANGALORE,15/06/2023,28.0,968779.74,72.0,9
1070,,delhi,11/04/2022,18.0,518272.82,57.0,11
1549,Female,Mumbai,2024-03-11,40.0,769389.3,15.0,9
1161,Female,Pune,2022-08-22,9.0,523918.55,91.0,8
1012,,,2022-01-17,,642320.08,6.0,10
1145,Male,delhi,30/07/2022,23.0,632681.09,76.0,4
1518,FEMALE,Pune,2024-01-26,46.0,378411.67,84.0,6
1428,FEMALE,,2023-09-17,40.0,613070.12,28.0,8
1640,Female,Pune,22/07/2024,41.0,,91.0,6
1177,Female,Chennai,2022-09-15,39.0,836664.76,76.0,3
1441,Male,,2023-10-06,49.0,803537.28,66.0,9
1522,Female,Pune,2024-02-01,37.0,787300.82,73.0,5
1873,Female,Bangalore,2025-06-28,17.0,904705.06,83.0,12
1960,male,Chennai,2025-11-02,42.0,482665.45,71.0,9
1689,male,BANGALORE,2024-10-02,36.0,807025.78,10.0,10
1232,Female,delhi,04/12/2022,44.0,556193.64,69.0,10
1211,Female,Bangalore,03/11/2022,36.0,676248.85,89.0,8
1641,Male,Bangalore,2024-07-24,59.0,658729.75,57.0,4
1144,Male,BANGALORE,2022-07-28,58.0,860105.37,14.0,5
1754,Male,delhi,05/01/2025,72.0,784119.65,23.0,7
1520,Male,Pune,29/01/2024,50.0,986877.71,11.0,11
1263,Male,delhi,2023-01-18,32.0,750536.46,8.0,12
1299,Female,BANGALORE,2023-03-12,27.0,666648.01,54.0,7
1767,male,Chennai,2025-01-24,28.0,506739.2,,6
1429,Female,BANGALORE,2023-09-18,23.0,615951.31,77.0,5
1613,Female,Bangalore,13/06/2024,54.0,657930.74,,9
1931,Male,BANGALORE,21/09/2025,59.0,560601.87,26.0,5
1940,Female,Mumbai,04/10/2025,,645732.61,3.0,9
1009,Female,delhi,2022-01-12,35.0,667778.32,27.0,10
1157,Female,Mumbai,16/08/2022,33.0,862955.97,81.0,4
1540,Male,Bangalore,2024-02-27,39.0,629871.24,66.0,8
1507,,BANGALORE,2024-01-10,38.0,480527.05,4.0,7
1437,Male,delhi,2023-09-30,27.0,711730.18,98.0,11
1267,Female,delhi,2023-01-24,32.0,694786.82,85.0,9
1462,Female,Chennai,2023-11-05,24.0,535888.08,66.0,8
1577,Male,Mumbai,21/04/2024,44.0,814649.88,33.0,9
1339,Female,Mumbai,2023-05-09,42.0,719372.44,2.0,6
1256,Female,Bangalore,08/01/2023,41.0,82316.67,62.0,12
1806,male,Chennai,2025-03-22,37.0,689980.05,7.0,12
1974,Male,Bangalore,2025-11-23,41.0,989648.87,69.0,9
1666,Male,Pune,2024-08-29,,911376.37,13.0,5
1561,male,delhi,2024-03-29,35.0,,81.0,9
1209,Male,delhi,2022-10-31,55.0,,4.0,3
1288,Female,delhi,2023-02-24,33.0,549683.83,60.0,5
1002,,Bangalore,2022-01-02,25.0,830243.93,74.0,9
1342,Female,Bangalore,2023-05-14,34.0,545944.65,4.0,8
1270,Male,delhi,2023-01-29,36.0,731678.5,62.0,12
1266,male,Mumbai,2023-01-23,26.0,842994.7,48.0,1
1816,Female,,2025-04-06,15.0,469224.02,79.0,9
1823,Male,BANGALORE,16/04/2025,48.0,352695.93,92.0,9
1096,Female,Mumbai,2022-05-19,47.0,274880.13,,7
1973,male,delhi,21/11/2025,46.0,480494.86,75.0,4
1043,Male,delhi,03/03/2022,7.0,,33.0,3
1805,Female,delhi,21/03/2025,31.0,,31.0,10
1243,,Chennai,2022-12-20,,489132.41,34.0,10
1903,Male,Chennai,2025-08-11,43.0,601187.63,13.0,6
1629,Male,Mumbai,2024-07-06,33.0,486697.8,22.0,10
1046,Female,BANGALORE,07/03/2022,60.0,809570.23,41.0,5
1162,Female,Mumbai,2022-08-24,45.0,533804.37,9.0,4
1728,male,,2024-11-28,41.0,702265.33,14.0,10
1630,Male,Bangalore,2024-07-08,31.0,375963.31,3.0,12
1289,Male,Mumbai,25/02/2023,,662895.89,61.0,9
1590,Male,Chennai,2024-05-10,,724389.16,79.0,8
1319,Male,Mumbai,10/04/2023,22.0,188406.65,61.0,7
1957,Female,BANGALORE,2025-10-29,,552081.54,30.0,9
1576,,Mumbai,2024-04-20,48.0,873247.8,51.0,9
1316,Female,BANGALORE,06/04/2023,49.0,901609.52,42.0,8
1893,FEMALE,Pune,2025-07-27,29.0,739846.12,73.0,5
1231,male,Pune,2022-12-03,17.0,830225.88,57.0,10
1810,Male,Mumbai,2025-03-28,19.0,583810.36,39.0,3
1699,Male,,2024-10-17,33.0,679239.88,12.0,10
1829,male,Chennai,25/04/2025,23.0,498453.34,86.0,7
1712,Female,Mumbai,05/11/2024,,821608.57,1.0,12
1077,male,delhi,2022-04-22,36.0,606780.16,2.0,13
1634,Female,Chennai,14/07/2024,53.0,463900.81,82.0,11
1979,Female,Pune,30/11/2025,41.0,598575.28,47.0,10
1248,,Mumbai,2022-12-27,35.0,697581.09,97.0,11
1820,Male,delhi,11/04/2025,28.0,525314.06,76.0,10
1981,Male,Mumbai,2025-12-03,42.0,1153778.46,13.0,7
1477,Male,Pune,2023-11-27,38.0,630809.62,82.0,13
1671,Male,delhi,2024-09-06,44.0,634040.41,52.0,9
1086,Male,Bangalore,2022-05-05,40.0,818647.42,5.0,15
1470,,Chennai,2023-11-17,38.0,800004.34,34.0,13
1226,Male,BANGALORE,25/11/2022,35.0,549409.66,85.0,4
1775,male,Chennai,05/02/2025,22.0,640090.3,11.0,7
1332,male,Chennai,2023-04-29,28.0,561064.67,30.0,13
1234,Female,Mumbai,2022-12-07,18.0,488938.39,64.0,6
1589,Male,Bangalore,09/05/2024,37.0,926314.35,62.0,8
1476,,Chennai,2023-11-26,50.0,619699.67,58.0,5
1894,Female,delhi,2025-07-29,38.0,,96.0,8
1874,Female,Pune,29/06/2025,41.0,326710.47,97.0,10
1600,Male,Pune,2024-05-25,55.0,480716.5,95.0,11
1422,male,Bangalore,2023-09-08,37.0,894278.71,13.0,8
1688,Male,Bangalore,01/10/2024,43.0,656895.13,36.0,4
1183,,BANGALORE,2022-09-23,45.0,882042.76,48.0,9
1618,Male,Chennai,2024-06-20,41.0,905860.84,87.0,6
1333,Male,delhi,2023-05-01,35.0,600920.22,95.0,9
1439,male,delhi,03/10/2023,45.0,417732.94,59.0,7
1050,Male,Mumbai,2022-03-13,51.0,,73.0,8
1006,Male,Chennai,2022-01-08,25.0,961303.24,76.0,11
1530,FEMALE,Bangalore,2024-02-13,42.0,636505.86,39.0,5
1235,Male,Chennai,08/12/2022,31.0,631929.55,41.0,11
1487,Male,delhi,12/12/2023,35.0,128533.16,67.0,7
1908,Male,delhi,2025-08-18,41.0,430134.1,21.0,12
1498,Male,Bangalore,2023-12-28,37.0,622464.23,96.0,6
1902,Male,Mumbai,2025-08-09,26.0,,88.0,8
1107,Female,delhi,2022-06-04,23.0,468198.65,24.0,5
1444,Female,Bangalore,2023-10-10,48.0,762240.71,40.0,5
1489,,delhi,2023-12-15,27.0,,81.0,14
1647,Female,Mumbai,2024-08-02,27.0,620337.08,57.0,10
1013,FEMALE,Pune,18/01/2022,44.0,618220.17,65.0,10
1739,Female,delhi,14/12/2024,56.0,579140.3,14.0,12
1727,Male,Bangalore,27/11/2024,43.0,,2.0,9
1191,Male,Mumbai,2022-10-05,36.0,479166.48,37.0,14
1951,Female,Mumbai,2025-10-20,31.0,546875.64,90.0,6
1833,Male,BANGALORE,2025-04-30,35.0,393857.41,90.0,4
1283,Female,BANGALORE,17/02/2023,28.0,619394.04,39.0,3
1030,Male,Pune,2022-02-12,49.0,637459.11,36.0,4
1170,Female,delhi,2022-09-04,32.0,383125.76,83.0,7
1181,Male,,21/09/2022,35.0,502522.12,6.0,5
1101,Male,Mumbai,2022-05-27,37.0,494922.23,22.0,5
1198,FEMALE,,2022-10-15,47.0,557305.57,61.0,7
1496,Female,Chennai,25/12/2023,35.0,852497.98,76.0,6
1722,Male,Mumbai,2024-11-19,35.0,789385.69,9.0,6
1648,Female,Pune,2024-08-03,41.0,621130.77,93.0,8
1984,Male,Bangalore,2025-12-07,31.0,521853.62,86.0,6
1938,,Pune,2025-10-01,12.0,536979.93,1.0,5
1711,male,Mumbai,2024-11-03,50.0,685118.85,14.0,5
1374,Female,Bangalore,2023-06-30,24.0,799042.24,69.0,7
1679,,Mumbai,17/09/2024,27.0,,13.0,9
1889,Male,Chennai,21/07/2025,56.0,889970.7,26.0,5
1649,male,Chennai,05/08/2024,57.0,878925.08,15.0,7
1798,Female,Mumbai,2025-03-10,30.0,439048.13,53.0,8
1848,,Mumbai,2025-05-22,36.0,481865.09,86.0,9
1461,Male,delhi,2023-11-04,,,35.0,7
1414,Female,Mumbai,2023-08-27,36.0,,89.0,7
1132,Male,Bangalore,2022-07-11,39.0,421822.08,37.0,15
1040,Female,delhi,26/02/2022,-0.0,644295.54,36.0,6
1435,Male,Mumbai,2023-09-27,44.0,633407.4,,4
1216,Male,delhi,2022-11-11,33.0,266026.47,48.0,10
1556,Female,delhi,22/03/2024,43.0,780687.77,13.0,8
1567,Female,Chennai,2024-04-07,4.0,857325.16,84.0,10
1763,Male,Mumbai,18/01/2025,43.0,439467.72,97.0,6
1475,Female,delhi,24/11/2023,,543639.52,42.0,9
1457,Male,Chennai,29/10/2023,43.0,383157.98,12.0,5
1812,FEMALE,Chennai,2025-03-31,48.0,507725.56,30.0,9
1261,Female,delhi,2023-01-15,54.0,392817.8,36.0,9
1817,Female,delhi,07/04/2025,22.0,772789.33,85.0,8
1036,FEMALE,Chennai,2022-02-21,31.0,539407.72,42.0,8
1828,Male,,2025-04-23,38.0,707856.09,44.0,14
1310,Male,Pune,28/03/2023,45.0,300760.17,17.0,7
1277,male,delhi,08/02/2023,34.0,270881.48,29.0,7
1637,Female,delhi,18/07/2024,30.0,929956.74,10.0,9
1655,Female,Mumbai,13/08/2024,53.0,809334.97,3.0,11
1623,Female,BANGALORE,2024-06-28,25.0,435143.29,8.0,8
1836,Female,Chennai,2025-05-05,24.0,208861.02,16.0,10
1845,Male,Pune,2025-05-18,24.0,630174.37,,13
1394,male,Bangalore,29/07/2023,31.0,491979.38,,12
1947,Male,Bangalore,2025-10-14,44.0,424855.28,38.0,7
1108,male,Chennai,2022-06-06,49.0,267104.65,14.0,8
1954,,Chennai,2025-10-24,25.0,683054.52,49.0,6
1525,FEMALE,Bangalore,2024-02-05,42.0,778648.93,73.0,8
1785,Male,Chennai,2025-02-19,41.0,492307.71,28.0,13
1048,Female,Mumbai,2022-03-10,26.0,,56.0,13
1204,FEMALE,delhi,2022-10-24,51.0,1082843.46,82.0,6
1934,Female,BANGALORE,25/09/2025,45.0,602003.58,27.0,6
1632,FEMALE,delhi,2024-07-11,51.0,1037142.33,14.0,5
1022,Male,delhi,31/01/2022,19.0,787465.46,51.0,11
1403,Female,Mumbai,11/08/2023,28.0,650059.06,63.0,10
1084,Male,Pune,2022-05-02,30.0,509241.5,94.0,6
1131,Female,Chennai,2022-07-09,24.0,472153.89,29.0,9
1416,Female,Pune,2023-08-30,33.0,550824.25,31.0,12
1994,Female,Mumbai,22/12/2025,40.0,711347.17,33.0,9
1842,Female,Bangalore,2025-05-14,27.0,451445.03,90.0,12
1742,Male,Chennai,18/12/2024,25.0,588773.14,55.0,4
1698,Female,Mumbai,2024-10-15,46.0,439008.12,25.0,8
1287,Female,Mumbai,2023-02-22,35.0,358364.24,4.0,8
1124,Male,Pune,29/06/2022,31.0,,80.0,6
1034,,Mumbai,18/02/2022,,454067.08,,1
1986,Female,Mumbai,2025-12-10,46.0,1127635.05,24.0,9
1517,Female,BANGALORE,25/01/2024,52.0,580433.84,52.0,9
1924,male,delhi,2025-09-10,44.0,597667.93,25.0,12
1020,Male,Mumbai,2022-01-28,20.0,662941.26,90.0,10
1935,Male,Chennai,2025-09-27,30.0,869076.25,89.0,5
1220,FEMALE,delhi,17/11/2022,55.0,757406.17,73.0,11
1892,FEMALE,Bangalore,26/07/2025,43.0,539015.56,51.0,4
1447,,Chennai,2023-10-14,33.0,403918.52,65.0,10
1482,Female,Mumbai,2023-12-04,41.0,696687.98,72.0,7
1932,FEMALE,BANGALORE,2025-09-22,26.0,477843.61,72.0,10
1357,Male,Pune,2023-06-05,21.0,835508.94,2.0,9
1662,,Bangalore,2024-08-24,30.0,819330.45,23.0,4
1225,Male,Bangalore,2022-11-24,28.0,739664.16,42.0,13
1760,male,Bangalore,14/01/2025,57.0,652916.91,,7
1093,male,BANGALORE,2022-05-15,22.0,597966.86,85.0,8
1152,Male,Pune,2022-08-09,48.0,682421.83,32.0,11
1993,Male,BANGALORE,2025-12-20,64.0,1043108.92,80.0,14
1318,Male,Chennai,2023-04-09,30.0,,99.0,5
1449,Female,Pune,2023-10-17,27.0,842431.74,55.0,9
1804,Female,delhi,2025-03-19,38.0,795837.09,79.0,5
1746,FEMALE,Bangalore,2024-12-24,52.0,608717.12,34.0,5
1523,,delhi,02/02/2024,28.0,258376.12,4.0,9
1280,male,Bangalore,12/02/2023,38.0,582548.8,39.0,9
1584,Male,Bangalore,2024-05-02,28.0,718283.1,23.0,7
1765,Male,Mumbai,2025-01-21,45.0,799156.25,81.0,13
1605,Male,Mumbai,2024-06-01,30.0,285310.05,88.0,12
1992,Female,Mumbai,2025-12-19,31.0,,43.0,14
1350,Female,Mumbai,2023-05-26,31.0,574652.79,74.0,5
1928,Female,Bangalore,16/09/2025,43.0,709460.53,89.0,14
1375,Male,delhi,2023-07-01,5.0,454269.52,19.0,6
1401,Male,Mumbai,2023-08-08,24.0,665786.58,51.0,9
1705,Male,Bangalore,2024-10-25,46.0,615755.55,50.0,10
1258,Female,Bangalore,2023-01-11,46.0,789904.58,58.0,4
1945,Male,Chennai,2025-10-11,32.0,453346.98,,9
1852,male,Pune,2025-05-28,32.0,529164.25,,2
1073,Male,Mumbai,16/04/2022,57.0,629883.89,15.0,3
1196,Male,Pune,12/10/2022,41.0,590907.0,62.0,4
1484,Female,Mumbai,07/12/2023,68.0,673747.61,8.0,6
1856,Male,delhi,03/06/2025,45.0,347757.63,3.0,10
1138,male,Bangalore,2022-07-20,32.0,426387.22,28.0,3
1495,Female,BANGALORE,2023-12-23,35.0,644618.25,21.0,8
1773,Male,Pune,2025-02-02,35.0,719351.73,24.0,7
1551,Female,,2024-03-14,25.0,535907.49,33.0,14
1463,male,Mumbai,07/11/2023,45.0,345715.84,75.0,12
1202,Male,Mumbai,21/10/2022,13.0,624362.94,20.0,9
1313,Male,Bangalore,01/04/2023,51.0,345101.42,14.0,3
1291,Male,delhi,2023-02-28,28.0,366493.16,10.0,11
1961,Male,Mumbai,04/11/2025,42.0,933476.47,83.0,6
1190,Male,Chennai,04/10/2022,33.0,484449.9,83.0,10
1764,male,Bangalore,2025-01-20,40.0,584556.51,90.0,15
1113,,delhi,2022-06-13,51.0,455546.22,60.0,5
1950,Female,Bangalore,2025-10-18,47.0,604490.08,47.0,2
1184,FEMALE,Pune,25/09/2022,16.0,570984.68,7.0,8
1153,Male,Chennai,2022-08-11,,711460.86,26.0,11
1825,Female,BANGALORE,2025-04-19,31.0,694372.47,63.0,5
1326,male,delhi,2023-04-20,32.0,434803.16,21.0,9
1704,Male,Bangalore,2024-10-24,39.0,687700.35,73.0,15
1045,Male,Pune,2022-03-06,42.0,603045.4,18.0,6
1445,FEMALE,Pune,11/10/2023,35.0,567688.8,28.0,10
1788,Female,BANGALORE,2025-02-24,27.0,258269.15,95.0,13
1007,Male,Chennai,09/01/2022,53.0,529857.91,43.0,13
1251,Male,Chennai,2023-01-01,26.0,469119.62,70.0,7
1824,Female,Chennai,2025-04-17,52.0,735102.0,23.0,5
1076,male,Bangalore,20/04/2022,50.0,748081.42,88.0,9
1513,,,2024-01-19,38.0,580221.71,44.0,10
1941,Male,Mumbai,2025-10-05,29.0,945977.08,68.0,7
1392,Female,Mumbai,2023-07-26,150.0,273424.43,68.0,5
1896,Male,Chennai,2025-08-01,32.0,278421.04,56.0,8
1433,Female,Bangalore,24/09/2023,46.0,564036.67,31.0,10
1069,Male,delhi,2022-04-10,36.0,318178.61,47.0,12
1168,Male,Bangalore,2022-09-02,30.0,864036.84,84.0,5
1905,Female,Chennai,2025-08-14,28.0,521105.46,76.0,13
1731,Male,delhi,2024-12-02,49.0,670458.09,58.0,8
1555,FEMALE,delhi,2024-03-20,24.0,818389.23,62.0,7
1367,,Chennai,19/06/2023,33.0,544736.07,13.0,7
1346,Female,Bangalore,20/05/2023,54.0,675418.42,9.0,12
1585,Female,,2024-05-03,36.0,614376.19,78.0,10
1536,,Mumbai,2024-02-21,33.0,720918.47,77.0,7
1399,male,BANGALORE,2023-08-05,14.0,499750.77,17.0,8
1186,Female,Pune,2022-09-28,22.0,760216.19,69.0,6
1349,Female,,24/05/2023,43.0,447916.36,,6
1616,,Chennai,17/06/2024,20.0,377914.85,98.0,3
1920,Male,Bangalore,2025-09-05,63.0,565571.15,61.0,7
1212,Female,Bangalore,2022-11-05,16.0,572814.54,,4
1580,Male,Bangalore,26/04/2024,35.0,455763.09,76.0,5
1503,Male,Mumbai,2024-01-04,19.0,521411.6,47.0,7
1538,Male,Chennai,24/02/2024,52.0,285684.38,,4
1197,male,,2022-10-14,37.0,694583.42,72.0,5
1176,Male,Bangalore,2022-09-13,45.0,395001.54,18.0,8
